Stations_id,von_datum,bis_datum,Stationshoehe,geoBreite,geoLaenge,Stationsname,Bundesland
1,19310101,19851231,478,47.8413,8.8493,Aach,Baden-Württemberg
3,18510101,20101231,202,50.7827,6.0941,Aachen,Nordrhein-Westfalen
44,19720101,20191231,44,52.9336,8.237,Großenkneten,Niedersachsen
52,19730101,20011231,46,53.6623,10.199,Ahrensburg-Wulfsdorf,Schleswig-Holstein
61,19760101,19771231,339,48.8443,12.6171,Aiterhofen,Bayern
70,19740101,19851231,712,48.2052,9.0371,Albstadt-Ebingen,Baden-Württemberg
71,19870101,20191231,759,48.2156,8.9784,Albstadt-Badkap,Baden-Württemberg
72,19790101,19941231,794,48.2766,9.0001,Albstadt-Onstmettingen,Baden-Württemberg
73,19530101,20191231,340,48.6159,13.0506,Aldersbach-Kriestorf,Bayern
78,19610101,20191231,65,52.4853,7.9126,Alfhausen,Niedersachsen
91,19790101,20191231,300,50.7446,9.345,Alsfeld-Eifa,Hessen
98,18870101,19541231,780,51.189,8.4671,Altastenberg,Nordrhein-Westfalen
102,20020101,20191231,32,53.8633,8.1275,Leuchtturm Alte Weser,Niedersachsen
106,19730101,19921231,500,51.7976,10.4429,Altenau,Niedersachsen
116,19000101,19721231,213,50.9833,12.4333,Altenburg,Thüringen
129,19910101,20061231,33,53.6893,13.242,Altentreptow,Mecklenburg-Vorpommern
131,20050101,20191231,296,51.0881,12.9326,Geringswalde-Altgeringswalde,Sachsen
132,19540101,19861231,750,49.7725,12.3891,Altglashütte,Bayern
142,19550101,20191231,511,48.406,11.3117,Altomünster-Maisbrunn,Bayern
150,19010101,20191231,215,49.7273,8.1164,Alzey,Rheinland-Pfalz
151,18810101,20191231,382,49.4691,11.8546,Amberg-Unterammersricht,Bayern
154,19940101,20191231,516,48.0197,12.2925,Amerang-Pfaffing,Bayern
161,20120101,20191231,75,50.4237,7.4202,Andernach,Rheinland-Pfalz
164,19090101,20191231,54,53.0316,13.9908,Angermünde,Brandenburg
167,19400101,20191231,9,53.8412,13.6846,Anklam,Mecklenburg-Vorpommern
169,18810101,19661231,630,50.573,13.0053,Annaberg-Buchholz,Sachsen
172,19700101,19901231,395,52.2486,9.5056,Annaturm,Niedersachsen
174,19850101,19871231,250,49.1886,7.9766,Annweiler-Bindersbach,Rheinland-Pfalz
175,18810101,19751231,413,49.2964,10.5751,Ansbach,Bayern
176,19770101,19941231,481,49.2475,10.5826,Ansbach-Claffheim,Bayern
177,19400101,19561231,418,49.3158,10.5815,Ansbach-Hennenbach,Bayern
183,19360101,20191231,42,54.6792,13.4343,Arkona,Mecklenburg-Vorpommern
184,19470101,19651231,55,52.6769,12.0077,Arneburg,Sachsen-Anhalt
185,18810101,19571231,3,54.6289,9.9294,Arnis,Schleswig-Holstein
186,18670101,19971231,218,51.3773,8.0713,Arnsberg,Nordrhein-Westfalen
191,18840101,20191231,220,49.9695,9.9113,Arnstein-Müdesheim,Bayern
193,19390101,19961231,232,51.3845,9.082,Arolsen-Neu Berich,Hessen
198,19540101,20191231,164,51.3745,11.292,Artern,Thüringen
202,18810101,19511231,110,49.9778,9.1114,Aschaffenburg,Bayern
207,19470101,19641231,105,51.7498,11.4667,Aschersleben,Sachsen-Anhalt
211,19820101,19991231,200,50.58,8.4685,Aßlar Klein-Altenstädten,Hessen
217,19380101,20191231,672,47.8774,11.3642,Attenkam,Bayern
221,19860101,19891231,483,48.5515,11.7117,Au i.d.Hallertau-Günzenhausen,Bayern
222,18810101,20191231,387,50.5907,12.714,Aue,Sachsen
231,18790101,19731231,490,48.3723,10.8948,Augsburg (Sankt Stephan),Bayern
232,19470101,20191231,461,48.4254,10.942,Augsburg,Bayern
243,18880101,20061231,4,53.4621,7.467,Aurich,Niedersachsen
257,18810101,20191231,240,48.727,8.2457,Baden-Baden-Geroldsau,Baden-Württemberg
259,18810101,20191231,273,47.8064,7.6387,Müllheim,Baden-Württemberg
268,19540101,19961231,622,48.5293,8.2727,Baiersbronn-Obertal,Baden-Württemberg
273,19870101,19891231,467,47.8413,9.6606,Baindt,Baden-Württemberg
282,18810101,20191231,240,49.8743,10.9206,Bamberg,Bayern
283,19470101,19591231,382,49.8808,10.8695,Bamberg-Altenburg,Bayern
284,18790101,19581231,282,49.88,10.88,Bamberg (Sternwarte),Bayern
288,19910101,19971231,3,53.8409,13.7549,Bargischow-Gnevezin,Mecklenburg-Vorpommern
294,19930101,20191231,110,52.3199,9.43,Barsinghausen-Hohenbostel,Niedersachsen
298,19380101,20181231,3,54.3406,12.7108,Barth,Mecklenburg-Vorpommern
303,20040101,20191231,55,52.0614,13.4996,Baruth,Brandenburg
314,18810101,20191231,234,51.1604,14.5042,"Kubschütz, Kr. Bautzen",Sachsen
320,18510101,20191231,350,49.9667,11.5197,Heinersreuth-Vollhof,Bayern
321,19790101,19931231,789,47.6797,12.0017,Bayrischzell,Bayern
326,20050101,20121231,120,51.7204,8.0577,Beckum-Unterberg,Nordrhein-Westfalen
327,19630101,19951231,27,53.6234,8.8323,Bederkesa,Niedersachsen
330,19310101,20191231,455,49.5617,8.9673,Oberzent-Beerfelden,Hessen
342,20110101,20191231,103,52.317,8.1694,Belm,Niedersachsen
348,19900101,20101231,127,50.4135,7.5886,Bendorf,Rheinland-Pfalz
355,19310101,19881231,140,49.6789,8.6276,Bensheim,Hessen
361,19050101,19971231,550,47.6344,13.0109,Berchtesgaden (KKst),Bayern
365,19920101,20011231,421,49.3311,11.4303,Berg/Oberpfalz,Bayern
368,20020101,20191231,70,52.8152,9.9248,Bergen,Niedersachsen
377,19270101,20191231,210,49.107,7.9967,"Bergzabern, Bad",Rheinland-Pfalz
379,20180101,20191231,303,50.9074,11.2665,"Berka, Bad (Flugplatz)",Thüringen
386,19750101,19851231,445,51.0454,8.3851,"Berleburg, Bad",Nordrhein-Westfalen
390,19870101,20191231,610,50.9837,8.3683,"Berleburg, Bad-Stünzel",Nordrhein-Westfalen
395,19490101,19531231,38,52.4167,13.4833,Berlin-Adlershof,Berlin
399,19750101,20101231,36,52.5198,13.4057,Berlin-Alexanderplatz,Berlin
400,19510101,20191231,60,52.6309,13.5022,Berlin-Buch,Berlin
402,18300101,19621231,55,52.4564,13.2997,Berlin-Dahlem (LFAG),Berlin
403,17190101,20191231,51,52.4537,13.3017,Berlin-Dahlem (FU),Berlin
407,19580101,19771231,48,52.6461,13.2858,Berlin-Frohnau,Berlin
408,18830101,19501231,35,52.5333,13.3833,Berlin-Invalidenstraße,Berlin
410,19970101,20171231,33,52.404,13.7309,Berlin-Kaniswall,Berlin
416,19830101,19951231,47,52.4069,13.4127,Berlin-Lichtenrade,Berlin
417,19310101,19551231,43,52.4144,13.3036,Berlin-Lichterfelde (Süd),Berlin
420,19940101,20191231,60,52.5447,13.5598,Berlin-Marzahn,Berlin
422,19560101,19641231,35,52.5333,13.3833,Berlin-Mitte,Berlin
424,19540101,19801231,36,52.5,13.4667,Berlin-Ostkreuz,Berlin
425,19460101,19811231,38,52.4044,13.4838,Berlin-Rudow,Berlin
427,19570101,20191231,46,52.3807,13.5306,Berlin-Schönefeld,Brandenburg
429,18910101,19131231,32,52.5667,13.1694,Berlin-Spandau,Berlin
430,19610101,20191231,36,52.5644,13.3088,Berlin-Tegel,Berlin
432,19790101,19941231,36,52.6044,13.2952,Berlin-Tegeler Fliesstal,Berlin
433,19380101,20191231,48,52.4675,13.4021,Berlin-Tempelhof,Berlin
434,19470101,19601231,35,52.4553,13.4699,Berlin-Treptow,Berlin
435,19640101,20061231,45,52.4289,13.2327,Berlin-Zehlendorf,Berlin
445,18870101,20191231,85,51.8218,11.711,Bernburg/Saale (Nord),Sachsen-Anhalt
450,19120101,20111231,120,49.9186,7.0664,Bernkastel-Kues,Rheinland-Pfalz
458,19750101,19851231,185,50.0699,7.0306,"Bertrich, Bad",Rheinland-Pfalz
460,19480101,20191231,363,49.2641,6.6868,Berus,Saarland
474,18810101,19851231,599,48.1252,9.7639,Warthausen-Birkenhard,Baden-Württemberg
480,19310101,20061231,296,50.9275,8.4935,Biedenkopf-Wallau,Hessen
502,19680101,20061231,412,49.8747,9.4883,Bischbrunn,Bayern
508,19950101,20101231,675,50.0539,11.8149,Bischofsgrün,Bayern
524,19220101,19921231,80,51.6333,12.3167,Bitterfeld,Sachsen-Anhalt
526,19060101,19751231,254,50.6738,11.2805,"Blankenburg, Bad",Thüringen
535,19270101,20191231,417,50.0372,7.3079,Blankenrath,Rheinland-Pfalz
550,19950101,20011231,344,50.9041,11.7985,Bobeck,Thüringen
553,19540101,19731231,25,51.838,6.6107,Bocholt (Marienschule),Nordrhein-Westfalen
554,19460101,20051231,23,51.8293,6.5365,Bocholt-Liedern (Wasserwerk),Nordrhein-Westfalen
555,19250101,20171231,101,51.4789,7.2697,Bochum,Nordrhein-Westfalen
570,19790101,19811231,648,49.0768,13.0765,Bodenmais-Mais,Bayern
576,19880101,20031231,445,48.6759,8.9732,Böblingen,Baden-Württemberg
578,19520101,19661231,379,48.9451,11.3667,Böhming,Bayern
588,19930101,19951231,105,51.752,9.3953,Boffzen,Niedersachsen
591,19480101,20191231,45,53.3911,10.6878,Boizenburg,Mecklenburg-Vorpommern
592,19460101,19621231,10,53.8634,9.7344,Bokel,Schleswig-Holstein
594,19930101,19991231,425,48.6407,9.6136,"Boll, Bad (KKst)",Baden-Württemberg
596,19470101,20191231,15,54.0028,11.1908,Boltenhagen,Mecklenburg-Vorpommern
598,19490101,19561231,62,50.7285,7.0839,Bonn,Nordrhein-Westfalen
599,19310101,19861231,62,50.7055,7.1467,Bonn-Friesdorf,Nordrhein-Westfalen
603,20070101,20191231,144,50.729,7.2047,Königswinter-Heiderhof,Nordrhein-Westfalen
604,19710101,20041231,875,47.8194,8.3348,Bonndorf/Schwarzwald,Baden-Württemberg
606,19500101,19531231,569,48.0791,10.1977,Boos,Bayern
614,19510101,20071231,240,51.5709,9.312,Borgentreich-Bühne,Nordrhein-Westfalen
617,20050101,20191231,47,51.873,6.8863,Borken in Westfalen,Nordrhein-Westfalen
619,18810101,20051231,12,53.5788,6.6703,Borkum-Süderstraße,Niedersachsen
634,19810101,19901231,373,49.4442,9.6458,Boxberg-Seehof,Baden-Württemberg
642,19320101,19921231,1,53.3517,8.4969,Brake,Niedersachsen
643,19940101,19941231,0,53.296,8.4529,Brake-Süderfeld,Niedersachsen
645,19460101,19511231,75,52.4083,7.9682,Bramsche,Niedersachsen
648,19640101,20061231,9,53.8551,9.7152,Brande-Hörnerkirchen,Schleswig-Holstein
650,18880101,20001231,35,52.4136,12.5503,Brandenburg-Görden,Brandenburg
652,19480101,19571231,384,49.5353,10.7706,Hagenbüchach,Bayern
656,19310101,20191231,607,51.7234,10.6021,Braunlage,Niedersachsen
657,19060101,20031231,625,51.6634,10.669,Braunlage-Hohegeiß,Niedersachsen
660,19310101,19601231,83,52.2744,10.5656,Braunschweig-Gliesmarode,Niedersachsen
661,18810101,19531231,75,52.2708,10.5334,Braunschweig (T.H.),Niedersachsen
662,19470101,20191231,81,52.2915,10.4464,Braunschweig,Niedersachsen
691,18510101,20191231,4,53.045,8.7979,Bremen,Bremen
699,19460101,19571231,4,53.1004,8.7834,Bremen-Seefahrtschule,Bremen
701,19130101,20191231,7,53.5332,8.5761,Bremerhaven,Bremen
702,19470101,19591231,8,53.5876,8.6015,Bremerhaven-Speckenbüttel,Bremen
703,18810101,19841231,5,53.4779,9.1553,Bremervörde (A),Niedersachsen
704,20070101,20191231,11,53.4451,9.139,Bremervörde,Niedersachsen
705,19860101,20061231,5,53.5312,9.1664,Bremervörde-Niederochtenhausen,Niedersachsen
706,19720101,20041231,234,47.8858,7.6611,Eschbach,Baden-Württemberg
710,18810101,20031231,181,49.025,8.6991,Bretten,Baden-Württemberg
717,18910101,20031231,443,51.3873,8.5737,Brilon,Nordrhein-Westfalen
722,18960101,20191231,1134,51.7986,10.6183,Brocken,Sachsen-Anhalt
727,19530101,19861231,290,49.7345,8.9557,Brombachtal-Kirch-Brombach,Hessen
729,19040101,19881231,600,50.8282,10.454,Brotterode,Thüringen
736,18620101,19991231,390,49.6303,7.1148,Brücken,Rheinland-Pfalz
755,18810101,20191231,340,49.5182,9.3213,"Buchen, Kr. Neckar-Odenwald",Baden-Württemberg
757,19910101,20191231,445,47.9625,7.9983,Buchenbach,Baden-Württemberg
760,19770101,20191231,82,53.3629,9.9435,Rosengarten-Klecken,Niedersachsen
766,20020101,20081231,477,50.1746,7.0595,Büchel (Flugplatz),Rheinland-Pfalz
769,19790101,20141231,68,52.2817,9.0889,Bückeburg,Niedersachsen
771,19470101,19551231,148,50.2769,9.1167,Büdingen,Hessen
772,18930101,19851231,190,48.6957,8.1744,Bühlertal,Baden-Württemberg
773,19870101,20041231,478,48.6743,8.1799,Bühlertal-Obertal,Baden-Württemberg
793,19920101,19931231,530,49.662,7.1098,Buhlenberg,Rheinland-Pfalz
807,19330101,20061231,290,49.745,10.6434,Schlüsselfeld (Kläranlage),Bayern
817,19530101,20191231,293,51.0306,8.8146,Burgwald-Bottendorf,Hessen
829,19800101,19941231,479,50.396,8.5465,Butzbach-Bodenrod,Hessen
833,19730101,20001231,615,50.6951,13.4975,Neuhausen/Erzgeb.-Rauschenbach (Talsp.),Sachsen
840,19910101,20191231,897,50.4313,12.6114,Carlsfeld,Sachsen
848,18880101,19781231,38,52.6146,10.0726,Celle (Stadt),Niedersachsen
850,19400101,20191231,39,52.5959,10.0296,Celle,Niedersachsen
851,18810101,19951231,392,49.2504,12.6042,Pemfling-Pitzling,Bayern
853,18810101,20191231,418,50.7913,12.872,Chemnitz,Sachsen
856,20070101,20191231,551,47.8843,12.5404,Chieming,Bayern
863,18810101,20101231,585,51.7904,10.347,Clausthal-Zellerfeld,Niedersachsen
865,19600101,19701231,42,52.8441,8.0624,Cloppenburg,Niedersachsen
867,18830101,20191231,344,50.3066,10.9679,Lautertal-Oberlauter,Bayern
876,19470101,19871231,314,51.304,13.0096,Collmberg,Sachsen
879,19400101,19541231,68,51.7667,14.2833,Cottbus (Flugplatz),Brandenburg
880,18890101,20191231,69,51.776,14.3168,Cottbus,Brandenburg
881,18980101,20031231,423,49.0985,10.0979,Crailsheim-Alexandersreut,Baden-Württemberg
888,19030101,19801231,269,50.8149,12.3821,Crimmitschau,Sachsen
891,19220101,20191231,5,53.8713,8.7058,Cuxhaven,Niedersachsen
896,19630101,20191231,170,51.0778,10.8619,Dachwig,Thüringen
917,19960101,20191231,162,49.8809,8.6779,Darmstadt,Hessen
918,19880101,19941231,122,49.8453,8.624,Darmstadt (A),Hessen
919,19310101,19731231,169,49.8697,8.6796,Darmstadt-Botanischer Garten,Hessen
920,18310101,19861231,108,49.8564,8.5929,Darmstadt (US-Air-Base),Hessen
927,19860101,20001231,430,50.1957,6.8279,Daun,Rheinland-Pfalz
931,19900101,20031231,708,47.8007,9.4108,Deggenhausertal-Azenweiler,Baden-Württemberg
948,18870101,19501231,60,51.8512,12.2515,Dessau,Sachsen-Anhalt
953,19400101,20191231,481,49.7619,7.0542,Deuselbach,Rheinland-Pfalz
954,20020101,20021231,0,54.1796,7.4587,UFS Deutsche Bucht,Hamburg
963,19410101,20191231,38,52.5881,8.3424,Diepholz,Niedersachsen
964,19520101,19621231,413,50.0832,6.8904,Dierfeld,Rheinland-Pfalz
965,19360101,19861231,100,51.2401,13.4166,Diesbar-Seußlitz,Sachsen
970,19860101,19981231,405,49.4158,10.6734,Dietenhofen,Bayern
979,19480101,20191231,314,50.7364,8.2672,Dillenburg,Hessen
982,18810101,20051231,420,48.5701,10.4985,Dillingen/Donau,Bayern
983,20070101,20191231,419,48.5562,10.5599,Dillingen/Donau-Fristingen,Bayern
991,19550101,20191231,359,50.9116,13.7087,Dippoldiswalde-Reinberg,Sachsen
998,18930101,20001231,696,48.7968,8.4921,Dobel,Baden-Württemberg
1000,19920101,19961231,3,54.1442,11.8454,"Doberan, Bad-Heiligendamm",Mecklenburg-Vorpommern
1001,19370101,20191231,97,51.6451,13.5747,Doberlug-Kirchhain,Brandenburg
1003,18810101,19661231,201,51.1333,13.1167,Döbeln,Sachsen
1006,18990101,19601231,15,53.1399,11.2544,Dömitz,Mecklenburg-Vorpommern
1018,18810101,20041231,677,47.9422,8.5046,Donaueschingen,Baden-Württemberg
1032,18980101,19961231,120,51.512,7.5345,Dortmund,Nordrhein-Westfalen
1047,18280101,19151231,112,51.0557,13.7274,Dresden (Mitte),Sachsen
1048,19340101,20191231,227,51.128,13.7543,Dresden-Klotzsche,Sachsen
1050,19240101,20191231,114,51.0221,13.847,Dresden-Hosterwitz,Sachsen
1051,19350101,20181231,120,51.0248,13.775,Dresden-Strehlen,Sachsen
1052,19940101,20191231,80,52.2174,12.1641,Drewitz bei Burg,Sachsen-Anhalt
1053,18990101,20021231,192,51.7337,9.0445,"Driburg, Bad",Nordrhein-Westfalen
1066,19630101,19761231,180,51.504,10.2613,Duderstadt,Niedersachsen
1072,19170101,20191231,107,49.4719,8.1929,"Dürkheim, Bad",Rheinland-Pfalz
1073,18810101,19521231,115,49.4686,8.1797,"Dürkheim, Bad (Saline)",Rheinland-Pfalz
1074,19380101,19721231,103,51.3043,12.081,"Dürrenberg, Bad",Sachsen-Anhalt
1076,19300101,19991231,692,48.0135,8.5343,"Dürrheim, Bad",Baden-Württemberg
1078,19400101,20191231,37,51.296,6.7686,Düsseldorf,Nordrhein-Westfalen
1079,19350101,19951231,37,51.1998,6.7574,Düsseldorf-Südfriedhof,Nordrhein-Westfalen
1084,19950101,20061231,31,51.394,6.7026,Duisburg-Friemersheim,Nordrhein-Westfalen
1087,19370101,19931231,21,51.4634,6.7321,Duisburg-Laar,Nordrhein-Westfalen
1091,19910101,20071231,258,51.2806,10.7362,Ebeleben,Thüringen
1093,19510101,20041231,131,49.4593,8.9595,Eberbach (LUBW),Baden-Württemberg
1102,19880101,20021231,300,48.7201,9.5328,Ebersbach/Fils,Baden-Württemberg
1103,19380101,20191231,592,48.1003,11.9872,Ebersberg-Halbing,Bayern
1106,18760101,19501231,45,52.8239,13.7979,Eberswalde,Brandenburg
1107,19480101,20191231,346,49.852,10.4991,Ebrach,Bayern
1130,20020101,20021231,17,54.6282,9.3649,Eggebek,Schleswig-Holstein
1146,19860101,19861231,487,48.6593,8.9121,Ehningen,Baden-Württemberg
1154,19460101,19651231,470,48.3416,12.882,Eiberg,Bayern
1161,19520101,20191231,384,48.8777,11.2349,Eichstätt-Landershofen,Bayern
1169,19770101,19981231,264,47.6288,7.5959,Eimeldingen,Baden-Württemberg
1172,19480101,19881231,123,51.8189,9.8871,Einbeck,Niedersachsen
1182,19040101,19981231,146,51.5029,11.5705,Eisleben-Helfta,Sachsen-Anhalt
1188,19380101,19731231,518,50.7041,10.8576,Elgersburg,Thüringen
1197,19310101,20191231,460,48.9895,10.1312,Ellwangen-Rindelbach,Baden-Württemberg
1200,20020101,20191231,3,54.0691,9.0105,Elpersbüttel,Schleswig-Holstein
1201,19480101,20001231,85,50.9281,6.5646,Elsdorf/Erftkreis,Nordrhein-Westfalen
1204,18810101,19651231,1,53.2346,8.4612,Elsfleth,Niedersachsen
1207,18810101,20191231,560,50.2705,12.2742,"Elster, Bad-Sohl",Sachsen
1214,19880101,20191231,440,48.2012,8.1089,Elzach-Fisnacht,Baden-Württemberg
1219,18540101,19961231,5,53.3449,7.1909,Emden-Nesserland,Niedersachsen
1221,19550101,19731231,0,53.3707,7.2236,Emden-Wolthusen,Niedersachsen
1224,19760101,20191231,201,48.1378,7.8351,Emmendingen-Mundingen,Baden-Württemberg
1229,19470101,19961231,90,50.3324,7.6975,"Ems, Bad",Rheinland-Pfalz
1238,19510101,19951231,144,50.9884,7.425,Engelskirchen,Nordrhein-Westfalen
1239,19870101,20071231,540,47.8516,8.7673,Engen/Hegau,Baden-Württemberg
1243,19300101,19841231,705,48.4734,9.3028,Eningen,Baden-Württemberg
1246,20160101,20191231,104,51.8418,8.0607,Ennigerloh-Ostenfelde,Nordrhein-Westfalen
1254,19480101,20011231,210,49.1307,8.9165,Eppingen,Baden-Württemberg
1255,20030101,20181231,220,49.1664,8.8523,Eppingen-Elsenz,Baden-Württemberg
1262,19930101,20191231,446,48.3477,11.8133,München-Flughafen,Bayern
1266,19580101,20191231,18,54.2992,9.3162,Erfde,Schleswig-Holstein
1270,18870101,20191231,316,50.9829,10.9608,Erfurt-Weimar,Thüringen
1275,19680101,19801231,340,48.3008,13.1398,Ering,Bayern
1276,19810101,20021231,408,47.6358,9.5392,Eriskirch-Mariabrunn,Baden-Württemberg
1279,18810101,20191231,268,49.6497,11.0074,Möhrendorf-Kleinseebach,Bayern
1280,19480101,19531231,280,49.5692,10.9929,Erlangen-Bruck,Bayern
1287,19920101,20051231,198,49.8589,9.2861,Eschau-Hobbach,Bayern
1292,19480101,20051231,470,49.7522,11.8222,Eschenbach/Oberpfalz,Bayern
1297,19480101,20191231,156,51.2041,10.0138,Eschwege,Hessen
1299,19800101,19981231,3,53.6476,7.6085,Esens,Niedersachsen
1300,19310101,20191231,351,51.254,8.1565,Eslohe,Nordrhein-Westfalen
1303,18880101,20191231,150,51.4041,6.9677,Essen-Bredeney,Nordrhein-Westfalen
1327,19370101,20191231,147,50.7119,6.7905,Weilerswist-Lommersum,Nordrhein-Westfalen
1329,18810101,20031231,50,54.134,10.5865,Eutin,Schleswig-Holstein
1332,19370101,20191231,471,48.4832,12.7241,"Falkenberg,Kr.Rottal-Inn",Bayern
1339,20140101,20191231,73,52.9157,10.1885,Faßberg,Niedersachsen
1341,20100101,20101231,0,54.6,11.15,Fehmarnbelt,Schleswig-Holstein
1345,19480101,19621231,92,53.3346,13.4371,Feldberg,Mecklenburg-Vorpommern
1346,19210101,20191231,1490,47.8749,8.0038,Feldberg/Schwarzwald,Baden-Württemberg
1347,19810101,19861231,962,47.8555,8.1155,Feldberg-Altglashütten,Baden-Württemberg
1357,19470101,20191231,654,49.9807,11.8376,Fichtelberg/Oberfranken-Hüttstadl,Bayern
1358,18920101,20191231,1213,50.4283,12.9535,Fichtelberg,Sachsen
1372,19400101,20011231,757,47.4608,10.2696,Fischen,Bayern
1374,19500101,19711231,366,50.505,10.1668,Fladungen-Heufurt,Bayern
1378,19860101,20061231,45,54.8086,9.4182,Flensburg,Schleswig-Holstein
1379,18660101,19841231,41,54.7737,9.3752,Flensburg (Schäferhaus),Schleswig-Holstein
1380,19410101,19561231,19,54.8147,9.458,Flensburg-Mürwik,Schleswig-Holstein
1392,19880101,20061231,621,49.7316,12.3489,Flossenbürg,Bayern
1403,19660101,19791231,260,50.0616,9.455,Frammersbach,Bayern
1410,19750101,19961231,130,51.3512,11.0958,"Frankenhausen/Kyffhäuser, Bad",Thüringen
1411,18870101,20191231,745,50.5309,10.048,Birx/Rhön,Thüringen
1420,19360101,20191231,100,50.0259,8.5213,Frankfurt/Main,Hessen
1421,19620101,19831231,125,50.1474,8.6746,Frankfurt/Main (Stadt),Hessen
1424,19860101,20191231,124,50.1269,8.6694,Frankfurt/Main-Westend,Hessen
1425,17580101,19601231,109,50.1213,8.6601,Frankfurt/Main (Feldbergstr.),Hessen
1426,18510101,19841231,65,52.3397,14.508,Frankfurt/Oder,Brandenburg
1428,19470101,19571231,230,49.2275,8.0585,Frankweiler,Rheinland-Pfalz
1440,19720101,20031231,481,48.2018,7.9336,Freiamt-Ottoschwanden,Baden-Württemberg
1441,18810101,19921231,416,50.9263,13.2711,Freiberg,Sachsen
1443,18690101,20191231,237,48.0232,7.8343,Freiburg,Baden-Württemberg
1447,19400101,19841231,255,48.013,7.8588,Freiburg im Breisgau-Herdern,Baden-Württemberg
1451,19710101,20191231,2,53.8277,9.2493,Freiburg/Elbe,Niedersachsen
1467,18510101,20051231,736,48.4607,8.4141,Freudenstadt-Kurgarten,Baden-Württemberg
1468,18810101,20191231,797,48.4538,8.409,Freudenstadt,Baden-Württemberg
1473,20060101,20181231,414,49.1869,11.308,Freystadt-Michelbach,Bayern
1481,19560101,19981231,928,47.9216,8.2547,Friedenweiler,Baden-Württemberg
1488,19330101,19721231,523,51.6884,11.0394,Friedrichsbrunn,Sachsen-Anhalt
1490,18530101,19791231,394,47.6454,9.4795,Friedrichshafen,Baden-Württemberg
1492,19290101,20031231,852,47.7819,7.7348,Malsburg-Marzell-Friedrichsheim,Baden-Württemberg
1493,19930101,19951231,793,50.4788,11.0159,Friedrichshöhe,Thüringen
1503,19270101,20191231,6,53.0643,7.9022,Friesoythe-Altenoythe,Niedersachsen
1504,20010101,20191231,172,51.119,9.2799,Fritzlar (Flugplatz),Hessen
1513,19070101,19611231,653,50.6588,8.1027,Fuchskauten,Rheinland-Pfalz
1522,19220101,19541231,313,49.4811,10.964,Fürth/Bayern (A),Bayern
1526,18810101,20191231,242,50.5668,9.6533,Fulda-Horas,Hessen
1544,18710101,20191231,47,52.5129,11.3941,Gardelegen,Sachsen-Anhalt
1550,18890101,20191231,719,47.483,11.0621,Garmisch-Partenkirchen,Bayern
1552,19370101,19541231,13,53.2066,14.3817,Gartz/Oder,Brandenburg
1568,19590101,19821231,916,50.6549,10.7743,Gehlberg-Schmücke,Thüringen
1580,18850101,20191231,110,49.9859,7.9548,Geisenheim,Hessen
1583,19470101,19701231,823,50.7719,13.7732,Geisingberg,Sachsen
1584,20100101,20191231,672,47.9242,8.6473,Geisingen,Baden-Württemberg
1586,19620101,19671231,610,47.8774,12.6279,Traunstein-Geißing,Bayern
1587,20070101,20191231,536,48.9481,11.4289,Gelbelsee,Bayern
1590,19370101,20191231,37,51.4942,6.2463,Geldern-Walbeck,Nordrhein-Westfalen
1593,19000101,19731231,190,50.2027,9.1989,Gelnhausen,Hessen
1602,18880101,20191231,176,48.4329,7.9931,Ohlsbach,Baden-Württemberg
1605,19530101,20191231,35,52.3875,12.1601,Genthin,Sachsen-Anhalt
1612,19520101,20191231,311,50.8813,12.1289,Gera-Leumnitz,Thüringen
1617,19490101,20071231,210,51.7259,11.1317,Gernrode,Sachsen-Anhalt
1619,19560101,20051231,90,49.7622,8.4887,Gernsheim,Hessen
1621,19490101,19631231,550,50.2766,9.9146,Geroda-Platz,Bayern
1623,19970101,20011231,530,50.4477,9.9174,Gersfeld,Hessen
1638,19360101,19831231,158,50.591,8.6551,Gießen (Lahntal),Hessen
1639,18810101,20191231,203,50.6017,8.6439,Gießen/Wettenberg,Hessen
1645,19470101,20181231,340,50.9656,9.05,Gilserberg-Moischeid,Hessen
1666,19940101,20191231,12,54.8273,9.5058,Glücksburg-Meierwik,Schleswig-Holstein
1667,18800101,20061231,1,53.797,9.4295,Glückstadt,Schleswig-Holstein
1684,18800101,20191231,238,51.1622,14.9506,Görlitz,Sachsen
1689,19140101,20031231,443,49.7656,11.3061,Gößweinstein,Bayern
1691,18570101,20191231,167,51.5002,9.9507,Göttingen,Niedersachsen
1694,19470101,20191231,58,53.606,12.1033,Goldberg,Mecklenburg-Vorpommern
1709,19270101,19861231,360,50.8496,13.9392,"Gottleuba, Bad",Sachsen
1721,19910101,20191231,506,49.664,11.2239,Gräfenberg-Kasberg,Bayern
1735,19580101,20191231,628,48.7894,13.629,Grainet-Rehberg,Bayern
1736,19380101,20191231,27,53.5731,10.6797,Grambek,Schleswig-Holstein
1748,19210101,20041231,608,50.4788,9.262,Grebenhain-Herchenhain,Hessen
1757,18980101,20191231,2,54.0967,13.4056,Greifswald,Mecklenburg-Vorpommern
1758,19400101,19771231,2,54.1,13.45,Greifswald-Wieck,Mecklenburg-Vorpommern
1759,19480101,20191231,12,54.2437,13.9102,Greifswalder Oie,Mecklenburg-Vorpommern
1762,19450101,20061231,270,50.6249,12.1777,Greiz-Dölau,Thüringen
1766,19900101,20191231,48,52.1344,7.6969,Münster/Osnabrück,Nordrhein-Westfalen
1803,19670101,20191231,34,54.0714,12.3238,Groß Lüsewitz,Mecklenburg-Vorpommern
1832,19830101,20191231,1436,49.1129,13.1338,Großer Arber,Bayern
1833,19470101,19811231,1307,49.0851,13.2801,Grosser Falkenstein,Bayern
1834,18870101,19771231,913,50.8519,10.4665,Grosser Inselsberg,Thüringen
1844,19590101,19811231,517,47.9411,11.9004,Feldkirchen-Westerham-Lenzmühle,Bayern
1849,19490101,19601231,408,48.8126,11.5728,Großmehring-Theißing,Bayern
1863,19960101,20191231,258,50.2667,9.1854,Gründau-Breitenborn,Hessen
1869,19730101,20191231,56,53.3153,13.9338,Grünow,Brandenburg
1873,19580101,19981231,300,51.7956,10.238,"Grund, Bad",Niedersachsen
1875,19500101,20021231,492,48.9354,9.7364,"Gschwend, Kr. Ostalb",Baden-Württemberg
1886,20170101,20191231,444,48.4878,10.2607,Günzburg,Bayern
1890,18990101,19501231,30,53.7667,12.2167,Güstrow-Schabernack,Mecklenburg-Vorpommern
1891,18350101,20011231,73,51.8771,8.3577,Rheda-Wiedenbrück-Lintel,Nordrhein-Westfalen
1892,20070101,20121231,72,51.9298,8.3005,Gütersloh (Flugplatz),Nordrhein-Westfalen
1902,19850101,20001231,413,49.1273,10.7448,Gunzenhausen (Altmühlsee),Bayern
1920,19790101,20071231,100,51.4129,7.4895,Hagen-Fley,Nordrhein-Westfalen
1929,19470101,20001231,567,51.8597,10.3368,Hahnenklee,Niedersachsen
1957,18510101,20141231,93,51.5138,11.9499,Halle-Kröllwitz,Sachsen-Anhalt
1960,18510101,19661231,102,51.4831,11.9671,Halle (Stadt),Sachsen-Anhalt
1964,19370101,20181231,328,49.9445,6.3821,Olsdorf,Rheinland-Pfalz
1972,19120101,19611231,35,53.4793,10.2415,Hamburg-Bergedorf,Hamburg
1973,19470101,19541231,14,53.5598,9.9874,Hamburg-Botanischer Garten,Hamburg
1975,19360101,20191231,14,53.6332,9.9881,Hamburg-Fuhlsbüttel,Hamburg
1979,19380101,20061231,2,53.4213,10.1462,Hamburg-Kirchwerder,Hamburg
1981,19580101,20191231,3,53.4777,9.8957,Hamburg-Neuwiedenthal,Hamburg
1986,19790101,19871231,1,53.4699,10.1804,Hamburg-Reitbrook,Hamburg
1987,19560101,19991231,47,53.5467,9.9662,Hamburg-Sankt Pauli,Hamburg
1990,19510101,20061231,18,53.5853,10.1293,Hamburg-Wandsbek,Hamburg
1993,19280101,20061231,68,52.0848,9.3896,Hameln,Niedersachsen
2005,19610101,19941231,108,52.7199,10.5987,Hankensbüttel,Niedersachsen
2014,18560101,20191231,59,52.4644,9.6779,Hannover,Niedersachsen
2023,20040101,20191231,501,48.7918,10.7062,Harburg,Bayern
2039,19060101,20191231,201,51.9002,10.5699,"Harzburg, Bad",Niedersachsen
2044,18900101,20191231,404,51.652,11.1367,Harzgerode,Sachsen-Anhalt
2048,19510101,19591231,3,53.6342,9.6038,Haseldorf,Schleswig-Holstein
2053,19630101,19751231,461,51.6868,10.8631,Hasselfelde,Sachsen-Anhalt
2069,19160101,19721231,648,48.8629,13.067,Hausstein,Bayern
2074,18810101,20191231,518,48.3752,8.98,Hechingen,Baden-Württemberg
2078,19370101,20011231,10,54.2181,9.0853,Weddingstedt,Schleswig-Holstein
2080,18710101,20111231,110,49.4206,8.6676,Heidelberg,Baden-Württemberg
2081,18820101,19601231,561,49.3981,8.7251,Königstuhl,Baden-Württemberg
2083,19470101,19581231,110,49.4192,8.6051,Heidelberg-Grenzhof,Baden-Württemberg
2088,18510101,20031231,498,48.6765,10.1307,Heidenheim/Brenz,Baden-Württemberg
2092,19340101,19901231,496,50.1691,7.9949,Heidenrod-Mappershain,Hessen
2095,18720101,20021231,167,49.1448,9.2333,Heilbronn,Baden-Württemberg
2110,19380101,20191231,57,51.0411,6.1042,Heinsberg-Schleiden,Nordrhein-Westfalen
2115,18810101,20191231,4,54.175,7.892,Helgoland,Schleswig-Holstein
2120,18950101,20061231,140,52.2164,11.0219,Helmstedt,Niedersachsen
2122,19520101,20011231,2,53.9701,9.0095,"Helse, Kr. Dithmarschen",Schleswig-Holstein
2147,18810101,20071231,77,52.1264,8.6865,Herford,Nordrhein-Westfalen
2151,19390101,19901231,215,51.0048,10.1705,Herleshausen,Hessen
2158,19150101,20041231,350,48.8042,8.443,"Herrenalb, Bad",Baden-Württemberg
2159,19790101,19841231,434,48.5915,8.8541,Herrenberg,Baden-Württemberg
2160,19910101,20001231,360,50.8444,10.6904,Herrenhof,Thüringen
2166,19510101,19901231,344,51.0167,14.75,Herrnhut,Sachsen
2167,19480101,20111231,302,49.7672,7.3356,Niederwörresbach,Rheinland-Pfalz
2171,19310101,20191231,272,50.852,9.7377,"Hersfeld, Bad",Hessen
2173,19760101,20071231,60,51.589,7.1548,Herten,Nordrhein-Westfalen
2174,19920101,20191231,238,51.6255,10.3695,Herzberg,Niedersachsen
2201,19340101,20191231,1,54.575,13.1044,Hiddensee-Vitte,Mecklenburg-Vorpommern
2206,19050101,20071231,117,52.1408,9.8838,Hildesheim,Niedersachsen
2211,19310101,20181231,295,50.7371,7.6528,Hilgenroth,Rheinland-Pfalz
2221,19800101,19981231,1053,47.5408,10.4371,Hindelang-Unterjoch,Bayern
2223,19910101,20011231,300,50.3674,10.5687,Hindfeld,Thüringen
2225,18810101,19741231,385,50.9167,14.3667,Hinterhermsdorf,Sachsen
2226,19910101,20011231,668,50.4707,10.9106,Eisfeld-Waffenrod-Hinterrod,Thüringen
2228,19460101,20041231,883,47.8983,8.1055,Hinterzarten,Baden-Württemberg
2244,18810101,19981231,1008,47.7327,8.1627,Höchenschwand,Baden-Württemberg
2250,19260101,20051231,403,49.1279,12.8645,Höllenstein (Kraftwerk),Bayern
2252,18810101,20191231,270,50.899,14.7457,Bertsdorf-Hörnitz,Sachsen
2260,18890101,20061231,474,50.323,11.9077,Hof (Stadt),Bayern
2261,19470101,20191231,565,50.3123,11.876,Hof,Bayern
2264,19370101,20001231,242,51.5337,9.4786,Hofgeismar-Beberbeck,Hessen
2268,19380101,20061231,263,50.1352,10.5156,Hofheim,Bayern
2289,19540101,19661231,28,52.6667,12.3333,Hohennauen,Brandenburg
2290,17810101,20191231,977,47.8009,11.0108,Hohenpeißenberg,Bayern
2297,19730101,19941231,80,54.1195,9.7127,Hohenwestedt,Schleswig-Holstein
2302,19910101,19921231,317,50.9632,11.4847,Hohlstedt-Kötschau,Thüringen
2303,19370101,20191231,10,54.3146,9.539,Hohn,Schleswig-Holstein
2306,19780101,20191231,8,54.3194,10.6732,Hohwacht,Schleswig-Holstein
2315,20020101,20191231,81,51.7657,13.1666,Holzdorf (Flugplatz),Sachsen-Anhalt
2318,19990101,19991231,397,50.2182,7.9133,Holzhausen a.d. Haide,Rheinland-Pfalz
2319,19530101,20191231,685,47.8823,11.6961,Holzkirchen,Bayern
2323,19350101,20191231,110,51.8529,9.4953,"Bevern, Kr. Holzminden",Niedersachsen
2324,19760101,20071231,440,51.7659,9.5447,Holzminden-Silberborn,Niedersachsen
2327,19380101,19991231,250,50.7316,9.0032,Homberg/Ohm,Hessen
2331,19530101,20021231,235,49.3278,7.3533,Homburg/Saar,Saarland
2344,19430101,19631231,582,50.1511,11.698,Horlachen,Bayern
2349,19380101,20041231,1138,48.6136,8.2033,Hornisgrinde,Baden-Württemberg
2352,19550101,19701231,712,47.6227,8.0177,Hottingen,Baden-Württemberg
2354,19480101,19591231,118,51.4379,14.2426,Hoyerswerda (Ph),Sachsen
2360,19270101,19771231,438,48.6018,11.6769,Hüll,Bayern
2362,19830101,20191231,328,50.5651,7.4843,Hümmerich,Rheinland-Pfalz
2374,18810101,19731231,3,54.4752,9.0564,Husum,Schleswig-Holstein
2385,20030101,20191231,376,49.6927,7.3264,Idar-Oberstein,Rheinland-Pfalz
2388,19910101,20031231,193,48.0419,7.6322,Ihringen,Baden-Württemberg
2396,18870101,19501231,260,51.8667,10.6833,Ilsenburg,Sachsen-Anhalt
2406,19810101,20011231,209,49.2967,9.652,Ingelfingen,Baden-Württemberg
2409,18810101,19531231,360,48.7662,11.4539,Ingolstadt (Flussmeisterstelle),Bayern
2410,20170101,20191231,364,48.7112,11.5362,Ingolstadt (Flugplatz),Bayern
2417,19590101,19761231,621,48.1644,12.0307,Mittbach,Bayern
2422,19310101,19771231,230,51.3768,7.7644,Iserlohn-Westig,Nordrhein-Westfalen
2423,18810101,20031231,712,47.6894,10.0416,Isny,Baden-Württemberg
2429,20010101,20191231,21,53.9897,9.5696,Itzehoe,Schleswig-Holstein
2436,19950101,20061231,55,52.0547,13.2344,Jänickendorf,Brandenburg
2437,19990101,20181231,21,54.457,9.5203,Schleswig-Jagel,Schleswig-Holstein
2444,18240101,20191231,155,50.9251,11.583,Jena (Sternwarte),Thüringen
2451,19540101,20001231,77,51.7954,12.9583,Jessen/Elster,Sachsen-Anhalt
2456,18730101,20031231,7,53.5322,7.8806,Jever,Niedersachsen
2464,19370101,19891231,1,53.5316,9.6752,Jork,Niedersachsen
2474,19760101,20081231,91,50.9104,6.4093,Jülich (Forsch.-Anlage),Nordrhein-Westfalen
2475,19260101,19801231,75,52,13.1009,Jüterbog,Brandenburg
2477,19710101,20081231,728,47.5938,7.9597,Jungholz (Kühmoos),Baden-Württemberg
2480,18960101,20191231,107,50.0643,8.993,Kahl/Main,Bayern
2483,19290101,20191231,839,51.1803,8.4891,Kahler Asten,Nordrhein-Westfalen
2485,20120101,20191231,489,48.917,9.6871,Kaisersbach-Cronhütte,Baden-Württemberg
2486,18810101,20191231,271,49.4262,7.7557,Kaiserslautern,Rheinland-Pfalz
2488,18940101,20011231,516,48.7701,10.7876,Kaisheim-Neuhof,Bayern
2494,20010101,20081231,31,51.7329,6.2688,Kalkar,Nordrhein-Westfalen
2497,19370101,20191231,505,50.5014,6.5264,Kall-Sistig,Nordrhein-Westfalen
2502,19520101,19561231,447,51.318,10.1348,"Heiligenstadt, Heilbad-Kalteneber",Thüringen
2503,19520101,20001231,487,50.6266,10.1455,Kaltennordheim,Thüringen
2506,19230101,19621231,270,51.2667,14.0833,Kamenz,Sachsen
2521,18960101,19931231,374,48.6765,11.2961,Karlshuld,Bayern
2522,18510101,20071231,112,49.0382,8.3641,Karlsruhe,Baden-Württemberg
2532,19510101,20121231,231,51.2963,9.4424,Kassel,Hessen
2533,18630101,19761231,198,51.334,9.4506,Kassel-Harleshausen,Hessen
2536,19510101,19921231,283,51.3173,9.4145,Kassel-Wilhelmshöhe (A),Hessen
2542,19400101,20151231,716,47.8652,10.6007,Kaufbeuren,Bayern
2543,19680101,20081231,585,48.0916,10.8609,Kaufering,Bayern
2546,19890101,20031231,141,48.5576,7.88,Kehl-Odelshofen,Baden-Württemberg
2559,18810101,20191231,705,47.7233,10.3348,Kempten,Bayern
2564,18810101,20191231,28,54.3776,10.1424,Kiel-Holtenau,Schleswig-Holstein
2565,18800101,19871231,17,54.3378,10.0929,Kiel-Kronshagen,Schleswig-Holstein
2575,20080101,20191231,426,49.1804,9.98,Kirchberg/Jagst-Herboldshausen,Baden-Württemberg
2578,18680101,20191231,12,53.9995,11.4341,Kirchdorf/Poel,Mecklenburg-Vorpommern
2597,18810101,20191231,282,50.224,10.0792,"Kissingen, Bad",Bayern
2600,19410101,20191231,193,49.7363,10.1781,Kitzingen,Bayern
2601,19050101,20191231,826,50.2218,8.4469,Kleiner Feldberg/Taunus,Hessen
2609,19750101,19801231,40,53.9587,10.3293,Klein Rönnau,Schleswig-Holstein
2618,19580101,20191231,732,50.8458,10.4803,Kleiner Inselsberg,Thüringen
2621,19560101,19691231,42,52.4045,13.2134,Kleinmachnow,Brandenburg
2627,19970101,20191231,128,51.5554,13.8845,Klettwitz,Brandenburg
2629,18510101,20191231,46,51.7612,6.0954,Kleve,Nordrhein-Westfalen
2638,19280101,20191231,974,48.1054,8.7548,Klippeneck,Baden-Württemberg
2641,19950101,20191231,85,51.5185,12.9065,Klitzschen bei Torgau,Sachsen
2654,19280101,19821231,200,49.0265,8.7554,Knittlingen,Baden-Württemberg
2657,19130101,20071231,85,50.3369,7.5992,Koblenz-Horchheim,Rheinland-Pfalz
2665,18510101,19841231,45,50.9615,6.9712,Köln-Botanischer Garten,Nordrhein-Westfalen
2667,19580101,20191231,92,50.8646,7.1575,Köln-Bonn,Nordrhein-Westfalen
2677,19460101,20001231,730,48.1413,8.4285,Königsfeld/Schwarzwald,Baden-Württemberg
2680,19480101,20191231,289,50.284,10.4456,"Königshofen, Bad",Bayern
2689,19500101,19601231,40,53.2279,9.6527,Königsmoor,Niedersachsen
2691,19950101,20081231,378,48.6707,11.2173,Königsmoos-Untermaxfeld,Bayern
2693,19410101,19881231,380,50.1855,8.4698,Königstein/Taunus,Hessen
2700,19470101,20191231,416,48.8302,11.4872,Kösching,Bayern
2701,19310101,20061231,136,51.1329,11.7252,"Kösen, Bad",Sachsen-Anhalt
2704,19000101,20191231,76,51.7511,12.0094,Köthen (Anhalt),Sachsen-Anhalt
2708,19920101,20191231,742,47.6652,11.0805,"Kohlgrub, Bad (Rosshof)",Bayern
2712,19470101,20191231,443,47.6774,9.19,Konstanz,Baden-Württemberg
2713,19470101,19741231,398,47.6605,9.1634,Konstanz (Stadtgärtnerei),Baden-Württemberg
2717,19900101,20051231,395,51.2662,8.8309,Korbach-Lengefeld,Hessen
2738,18820101,19951231,776,47.6447,11.7436,Kreuth,Bayern
2750,19490101,20191231,312,50.2523,11.3209,Kronach,Bayern
2757,19570101,19831231,238,47.9077,7.702,"Krozingen, Bad",Baden-Württemberg
2761,19500101,19891231,520,48.251,10.4163,Krumbach-Edenhausen,Bayern
2773,20010101,20181231,417,49.4283,11.9016,Kümmersbruck,Bayern
2775,19310101,19791231,225,49.2795,9.6925,Künzelsau,Baden-Württemberg
2780,19600101,19811231,330,50.1003,11.4494,Kulmbach,Bayern
2783,19670101,19911231,436,48.5126,12.1513,Kumhausen,Bayern
2790,18810101,19801231,296,49.5592,7.4134,Kusel-Fünfbirken,Rheinland-Pfalz
2794,18870101,20191231,40,52.9363,12.4093,Kyritz,Brandenburg
2796,20010101,20191231,40,53.9156,12.279,Laage (Flugplatz),Mecklenburg-Vorpommern
2812,19500101,20191231,156,48.3647,7.828,Lahr,Baden-Württemberg
2814,19490101,20191231,685,48.5121,9.7645,Merklingen,Baden-Württemberg
2821,19480101,19571231,214,51.9603,10.0157,Lamspringe,Niedersachsen
2829,20010101,20171231,621,48.0772,10.9144,Landsberg (Flugplatz),Bayern
2830,19260101,19671231,602,48.0349,10.8709,Landsberg/Lech,Bayern
2831,18810101,20071231,393,48.5357,12.1132,Landshut,Bayern
2843,20110101,20141231,125,50.0075,8.6547,Langen (BZ),Hessen
2856,19940101,20191231,91,51.9173,13.0878,Langenlipsdorf,Brandenburg
2857,18810101,19571231,175,51.1173,10.6568,"Langensalza, Bad",Thüringen
2861,19300101,19851231,5,53.7445,7.4775,Langeoog,Niedersachsen
2872,19460101,19501231,15,52.8457,7.3489,Lathen,Niedersachsen
2878,19480101,20191231,118,51.391,11.8788,"Lauchstädt, Bad",Sachsen-Anhalt
2879,19480101,19851231,199,49.5781,9.7142,Lauda-Königshofen-Gerlachsheim,Baden-Württemberg
2886,20020101,20181231,539,48.2176,9.9097,Laupheim,Baden-Württemberg
2889,19730101,19901231,300,51.6323,10.4737,"Lauterberg, Bad (A)",Niedersachsen
2905,20010101,20181231,550,48.1849,10.8507,Lechfeld,Bayern
2906,19510101,19741231,5,54.775,8.9808,Leck (A),Schleswig-Holstein
2907,19750101,20191231,7,54.7903,8.9514,Leck,Schleswig-Holstein
2912,19510101,19731231,9,54.7419,9.8791,Lehbek,Schleswig-Holstein
2915,19380101,19611231,640,50.4833,11.45,Lehesten/Thüringer Wald,Thüringen
2920,19790101,19951231,365,48.7654,12.5121,Leiblfing,Bayern
2923,19540101,19691231,663,47.9116,10.6124,Leinau,Bayern
2925,19570101,20191231,356,51.3933,10.3123,Leinefelde,Thüringen
2928,18510101,20191231,138,51.3151,12.4462,Leipzig-Holzhausen,Sachsen
2931,19470101,19711231,128,51.392,12.3962,Leipzig-Mockau,Sachsen
2932,19340101,20191231,131,51.4348,12.2396,Leipzig/Halle,Sachsen
2947,19630101,20191231,286,51.1333,8.0348,Lennestadt-Theten,Nordrhein-Westfalen
2949,18510101,20011231,758,48.5396,9.5275,Lenningen-Schopfloch,Baden-Württemberg
2950,19630101,20061231,14,54.219,10.8844,Lensahn,Schleswig-Holstein
2951,19950101,20191231,20,53.1007,11.4864,Lenzen/Elbe,Brandenburg
2953,19460101,20191231,852,47.8597,8.2308,Lenzkirch-Ruhbühl,Baden-Württemberg
2961,20050101,20191231,31,54.4996,10.2737,Leuchtturm Kiel,Schleswig-Holstein
2963,19290101,19781231,92,51.3167,12.0333,Leunawerke,Sachsen-Anhalt
2968,19030101,20191231,43,50.9894,6.9777,Köln-Stammheim,Nordrhein-Westfalen
2985,19950101,20191231,321,50.9383,14.2093,Lichtenhain-Mittelndorf,Sachsen
2996,19380101,19601231,352,48.7726,8.7287,"Liebenzell, Bad (LUBW)",Baden-Württemberg
3001,19500101,19891231,284,48.0674,7.677,Liliental,Baden-Württemberg
3004,19480101,19981231,185,50.4116,8.0605,Limburg/Lahn-Offheim,Hessen
3007,19220101,19551231,96,49.4111,8.398,Limburgerhof,Rheinland-Pfalz
3015,19070101,20191231,98,52.2085,14.118,Lindenberg,Brandenburg
3016,19710101,19871231,760,47.598,9.8878,Lindenberg/Allgäu,Bayern
3017,19850101,20091231,341,49.68,8.7823,Lindenfels,Hessen
3018,19230101,20051231,445,49.7117,8.7804,Lindenfels-Winterkasten,Hessen
3023,18550101,20191231,22,52.5181,7.3081,Lingen,Niedersachsen
3028,19510101,20191231,157,51.7855,8.8388,"Lippspringe, Bad",Nordrhein-Westfalen
3031,19810101,20191231,92,51.6336,8.3945,Lippstadt-Bökenförde,Nordrhein-Westfalen
3032,19370101,20191231,25,55.011,8.4125,List auf Sylt,Schleswig-Holstein
3034,19400101,20181231,500,50.4505,11.635,"Lobenstein, Bad",Thüringen
3042,19940101,20191231,230,50.5617,8.2386,Löhnberg-Obershausen,Hessen
3044,18810101,20171231,22,52.7198,7.7472,Löningen,Niedersachsen
3045,19940101,20061231,27,52.7432,7.8763,Löningen-Hagel,Niedersachsen
3056,19040101,20041231,161,50.0103,9.61,Lohr/Main-Steinbach,Bayern
3062,19110101,19871231,100,50.0352,7.8197,Lorch/Rhein,Hessen
3076,18950101,19561231,95,49.4606,8.4246,Ludwigshafen-Mundenheim,Rheinland-Pfalz
3082,19350101,19741231,56,51.9333,13.8833,Lübben,Brandenburg
3083,19920101,20191231,57,51.9267,13.8797,Lübben-Blumenfelde,Brandenburg
3085,19500101,19841231,15,53.8773,10.6915,Lübeck,Schleswig-Holstein
3086,19400101,20191231,15,53.8025,10.6989,Lübeck-Blankensee,Schleswig-Holstein
3088,18810101,19721231,5,53.8953,10.704,Lübeck-Werft,Schleswig-Holstein
3093,19550101,20181231,16,52.9724,11.1374,Lüchow,Niedersachsen
3096,19220101,19951231,444,51.2131,7.6359,Lüdenscheid (Zeppelin-Gymnasium),Nordrhein-Westfalen
3098,19940101,20191231,387,51.2452,7.6425,Lüdenscheid,Nordrhein-Westfalen
3101,19500101,19941231,58,51.7694,7.4128,Lüdinghausen,Nordrhein-Westfalen
3103,18550101,19971231,11,53.2657,10.424,Lüneburg,Niedersachsen
3126,18340101,20191231,76,52.1029,11.5827,Magdeburg,Sachsen-Anhalt
3135,19270101,19821231,473,49.0643,9.582,Mainhardt-Ziegelbronn,Baden-Württemberg
3137,18810101,20191231,195,49.9656,8.2139,Mainz-Lerchenberg (ZDF),Rheinland-Pfalz
3139,19840101,20041231,509,48.2166,11.2965,Maisach-Gernlinden,Bayern
3147,19520101,20191231,418,48.7725,12.2179,Mallersdorf-Pfaffenberg/Niederbayern,Bayern
3155,19380101,20191231,413,50.1015,6.8009,Manderscheid-Sonnenhof,Rheinland-Pfalz
3158,19850101,20191231,12,52.5468,14.5452,Manschnow,Brandenburg
3160,19520101,19801231,240,51.6084,11.4139,Vatterode-Gräfenstuhl,Sachsen-Anhalt
3164,18810101,20181231,187,50.8492,8.7746,"Cölbe, Kr. Marburg-Biedenkopf",Hessen
3166,19560101,20191231,639,50.651,13.1469,Marienberg,Sachsen
3167,19630101,20191231,547,50.6621,7.9603,"Marienberg, Bad",Rheinland-Pfalz
3170,19070101,19561231,5,54.4937,11.2405,Marienleuchte,Schleswig-Holstein
3196,18810101,20191231,81,53.3223,11.9319,Marnitz,Mecklenburg-Vorpommern
3204,19840101,20191231,429,50.7335,10.8815,Martinroda,Thüringen
3211,19360101,19561231,1011,48.9359,13.5747,Mauth-Finsterau,Bayern
3212,19600101,20021231,230,50.3249,7.23,Mayen,Rheinland-Pfalz
3222,19610101,19781231,60,52.3411,9.1403,Meerbeck,Niedersachsen
3223,18810101,19761231,460,47.6985,9.2753,Meersburg,Baden-Württemberg
3226,20070101,20191231,107,51.7259,11.5109,Aschersleben-Mehringen,Sachsen-Anhalt
3227,19330101,19791231,216,51.8936,8.9842,"Meinberg, Bad",Nordrhein-Westfalen
3228,19800101,19951231,506,51.0976,7.667,Meinerzhagen (A),Nordrhein-Westfalen
3231,18780101,20191231,450,50.5612,10.3771,Meiningen,Thüringen
3234,19570101,20191231,158,51.1294,13.4328,Garsebach bei Meißen,Sachsen
3236,19870101,20011231,89,52.2044,8.3382,Melle,Niedersachsen
3244,19400101,20191231,615,47.982,10.1384,Memmingen,Bayern
3246,20020101,20021231,181,50.3667,7.3167,Mendig,Rheinland-Pfalz
3253,19490101,20191231,885,47.8309,8.0699,Sankt Blasien-Menzenschwand,Baden-Württemberg
3254,20190101,20191231,19,52.7156,7.3176,Meppen,Niedersachsen
3257,18810101,20191231,250,49.4773,9.7622,"Mergentheim, Bad-Neunkirchen",Baden-Württemberg
3265,19470101,19621231,302,49.922,9.2872,Mespelbrunn,Bayern
3268,20030101,20191231,900,48.1694,8.9433,Meßstetten-Appental,Baden-Württemberg
3271,18810101,20191231,314,48.8548,12.9189,Metten,Bayern
3274,19930101,20111231,415,49.507,6.5215,Mettlach-Orscholz (Kurort),Saarland
3278,20030101,20191231,354,48.5377,9.2734,Metzingen,Baden-Württemberg
3284,19870101,20191231,240,49.6691,9.0085,Michelstadt,Hessen
3287,19880101,20191231,453,49.7176,9.0997,Michelstadt-Vielbrunn,Hessen
3289,19730101,20191231,356,50.7281,11.7838,Schmieritz-Weltwitz,Thüringen
3291,19810101,20031231,128,49.712,9.2258,Miltenberg,Bayern
3300,19750101,19921231,155,50.2285,9.1064,Mittel-Gründau,Hessen
3307,18900101,20191231,984,47.4779,11.2653,Mittenwald-Buckelwiesen,Bayern
3313,19110101,19711231,508,49.7328,8.7771,Modautal-Neunkirchen,Hessen
3317,19760101,19831231,42,53.6128,10.6943,Mölln,Schleswig-Holstein
3319,20070101,20191231,239,49.7644,9.253,Röllbach,Bayern
3320,19340101,19521231,49,51.197,6.4499,Mönchengladbach,Nordrhein-Westfalen
3340,19380101,20191231,265,50.4383,7.8061,Montabaur,Rheinland-Pfalz
3348,19910101,20181231,240,51.7209,9.8352,Moringen-Lutterbeck,Niedersachsen
3362,20040101,20191231,244,48.9721,8.8734,Mühlacker,Baden-Württemberg
3366,19530101,20191231,406,48.279,12.5024,Mühldorf,Bayern
3370,19490101,20031231,300,51.2076,10.3956,Mühlhausen,Thüringen
3376,19290101,20191231,63,52.5176,14.1232,Müncheberg,Brandenburg
3379,19550101,20191231,515,48.1632,11.5429,München-Stadt,Bayern
3382,18010101,19531231,521,48.1441,11.6,München-Bogenhausen,Bayern
3383,18790101,19541231,515,48.1635,11.5019,München-Botanischer Garten,Bayern
3385,19550101,19981231,515,48.166,11.5011,München-Nymphenburg,Bayern
3388,19950101,19961231,542,48.0919,11.6486,München-Perlach,Bayern
3390,19370101,19911231,529,48.1369,11.7094,München-Riem,Bayern
3402,18810101,20191231,750,48.3851,9.4837,Münsingen-Apfelstetten,Baden-Württemberg
3404,18530101,19911231,62,51.9494,7.5906,Münster,Nordrhein-Westfalen
3425,19310101,20031231,344,48.9729,9.5708,Murrhardt,Baden-Württemberg
3426,19370101,20191231,127,51.566,14.7008,"Muskau, Bad",Sachsen
3432,19310101,19941231,380,48.5667,8.7184,Nagold,Baden-Württemberg
3442,19010101,20191231,149,50.3574,8.7506,"Nauheim, Bad",Hessen
3478,19310101,20041231,81,53.5468,13.1914,Neubrandenburg,Mecklenburg-Vorpommern
3484,20020101,20191231,380,48.7086,11.2147,Neuburg/Donau (Flugplatz),Bayern
3485,19920101,20191231,486,48.3115,10.3773,Neuburg/Kammel-Langenhaslach,Bayern
3486,19490101,20041231,212,49.2931,9.2722,Neudenau,Baden-Württemberg
3490,19310101,20191231,111,50.5346,7.0853,"Neuenahr, Bad-Ahrweiler",Rheinland-Pfalz
3509,20050101,20191231,77,53.102,13.0421,Menz,Brandenburg
3513,18830101,20191231,845,50.5002,11.1344,Neuhaus am Rennweg,Thüringen
3518,19820101,19921231,793,47.976,8.9101,Neuhausen ob Eck,Baden-Württemberg
3519,19940101,20031231,663,47.9519,8.9932,Neuhausen ob Eck-Unterschwandorf,Baden-Württemberg
3527,18910101,20191231,500,50.8923,9.405,Neukirchen-Hauptschwenda,Hessen
3532,19480101,19751231,4,54.3609,10.6015,Neuland,Schleswig-Holstein
3537,18560101,20061231,26,54.0873,9.9791,Neumünster,Schleswig-Holstein
3540,19930101,20191231,195,50.8446,7.372,Neunkirchen-Seelscheid-Krawinkel,Nordrhein-Westfalen
3541,19630101,19911231,185,50.8956,7.3081,Neunkirchen-Seelscheid-Meisenbach,Nordrhein-Westfalen
3545,19530101,20191231,236,49.344,7.2297,Neunkirchen-Wellesweiler,Saarland
3552,19400101,20181231,38,52.9037,12.8072,Neuruppin,Brandenburg
3565,19470101,20011231,315,49.5728,10.6001,Neustadt/Aisch,Bayern
3571,20090101,20191231,452,49.8174,11.8638,Neustadt am Kulm-Filchendorf,Bayern
3575,19310101,19821231,163,49.357,8.1405,Neustadt/Weinstraße,Rheinland-Pfalz
3576,19760101,20011231,125,49.3478,8.1822,Neustadt/Weinstraße (Heidehof),Rheinland-Pfalz
3577,18810101,19751231,64,53.3585,13.0502,Neustrelitz,Mecklenburg-Vorpommern
3578,19820101,20061231,341,48.9832,12.1443,Regensburg-Burgweinting,Bayern
3590,19590101,20041231,180,50.2335,8.8923,Nidderau-Windecken,Hessen
3591,19940101,20191231,350,50.6743,6.424,Nideggen-Schmidt,Nordrhein-Westfalen
3595,19670101,20021231,250,50.4107,7.808,Niederelbert,Rheinland-Pfalz
3603,20030101,20191231,459,49.3895,9.9667,Niederstetten,Baden-Württemberg
3605,19310101,19791231,451,48.5334,10.243,Niederstotzingen,Baden-Württemberg
3612,18980101,20191231,25,52.6711,9.2229,Nienburg,Niedersachsen
3621,19310101,20191231,435,48.8253,10.5067,Reimlingen,Bayern
3623,20020101,20191231,111,50.8294,6.6602,Nörvenich (Flugplatz),Nordrhein-Westfalen
3631,18980101,20191231,12,53.7123,7.1519,Norderney,Niedersachsen
3639,20010101,20191231,25,53.7647,8.6583,Nordholz (Flugplatz),Niedersachsen
3640,19360101,20061231,24,52.4124,7.064,Nordhorn-Blanke,Niedersachsen
3658,19810101,20041231,303,50.9095,7.5725,Nümbrecht-Distelkamp,Nordrhein-Westfalen
3659,19310101,19941231,627,50.3391,6.9501,Nürburg,Rheinland-Pfalz
3660,19960101,20171231,485,50.3601,6.8697,Nürburg-Barweiler,Rheinland-Pfalz
3666,18810101,19741231,335,49.5008,11.107,Nürnberg-Buchenbuehl,Bayern
3667,19750101,20191231,368,49.4258,11.2538,Nürnberg-Netzstall,Bayern
3668,18790101,20191231,314,49.503,11.0549,Nürnberg,Bayern
3671,19550101,19901231,280,48.6321,9.3261,Nürtingen,Baden-Württemberg
3672,19490101,19541231,457,48.6207,8.8962,Nufringen,Baden-Württemberg
3679,19370101,20191231,518,47.6187,12.1665,Kiefersfelden-Gach,Bayern
3694,19510101,19801231,810,50.7005,10.7256,Oberhof,Thüringen
3702,19580101,20061231,515,47.878,7.8288,Münstertal-Obermünstertal,Baden-Württemberg
3705,19830101,20041231,480,48.3147,8.5735,Oberndorf/Neckar-Aistaig,Baden-Württemberg
3722,19390101,20051231,484,48.2443,11.5528,Oberschleißheim,Bayern
3727,19840101,20001231,800,47.5619,10.0313,Oberstaufen-Kalzhofen,Bayern
3730,18860101,20191231,806,47.3984,10.2759,Oberstdorf,Bayern
3734,20050101,20191231,230,49.128,9.3525,Obersulm-Willsbach,Baden-Württemberg
3735,19370101,19581231,455,48.2635,12.276,Obertaufkirchen,Bayern
3739,19490101,20191231,596,49.4521,12.4365,Oberviechtach,Bayern
3744,19720101,19741231,125,51.6018,9.5383,Oberweser-Gieselwerder,Hessen
3751,19890101,19971231,626,48.0449,9.8822,Ochsenhausen-Mittelbuch,Baden-Württemberg
3752,19600101,19811231,1014,50.03,11.8074,Ochsenkopf,Bayern
3753,19640101,19921231,56,52.2042,7.1784,Ochtrup,Nordrhein-Westfalen
3761,19470101,20191231,276,49.207,9.5176,Öhringen,Baden-Württemberg
3776,19310101,19941231,110,50.0946,8.7546,Offenbach/M. (Stadt),Hessen
3777,19580101,20031231,153,48.4593,7.9255,Offenburg,Baden-Württemberg
3788,19610101,19851231,305,50.8646,14.7628,Olbersdorf,Sachsen
3790,18730101,19881231,5,53.1018,8.2516,Oldenburg (A),Niedersachsen
3791,19900101,20111231,11,53.1763,8.1824,Oldenburg,Niedersachsen
3811,19420101,20191231,150,51.296,13.0928,Oschatz,Sachsen
3815,18810101,20091231,95,52.2553,8.0534,Osnabrück,Niedersachsen
3818,19560101,19661231,29,52.7167,11.7333,Osterburg,Sachsen-Anhalt
3821,19850101,20191231,246,51.0873,11.9292,Osterfeld,Sachsen-Anhalt
3825,19610101,19771231,338,49.5033,7.2773,Osterhof,Saarland
3836,19730101,20191231,312,50.4538,10.2211,Ostheim v.d. Rhön,Bayern
3856,19310101,19921231,1010,47.6383,10.4313,Oy-Mittelberg,Bayern
3857,19940101,20191231,886,47.6362,10.3892,Oy-Mittelberg-Petersthal,Bayern
3867,19370101,19561231,7,53.0643,7.4814,Papenburg,Niedersachsen
3875,19500101,20191231,549,49.151,11.6896,Parsberg/Oberpfalz-Eglwang,Bayern
3878,18810101,19571231,329,48.5805,13.4152,Passau-Maierhof,Bayern
3879,19470101,19961231,409,48.5779,13.4694,Passau-Oberhaus,Bayern
3883,19710101,19971231,442,50.5999,11.9966,Pausa-Unterreichenau,Sachsen
3897,20070101,20191231,2,54.0893,10.8773,Pelzerhaken,Schleswig-Holstein
3903,19500101,20031231,175,49.5114,6.3857,Perl-Besch,Saarland
3904,19650101,20191231,152,49.5354,6.3789,Perl-Nennig,Saarland
3915,19470101,19541231,145,51.9893,13.3608,Petkus,Brandenburg
3922,19760101,20001231,435,49.1162,10.8598,Pfofeld-Langlau,Bayern
3924,19310101,20041231,246,48.9059,8.7412,Pforzheim-Eutingen,Baden-Württemberg
3925,20060101,20191231,333,48.9329,8.6973,Pforzheim-Ispringen,Baden-Württemberg
3927,19580101,20191231,630,47.9344,9.2869,Pfullendorf,Baden-Württemberg
3929,19480101,19841231,100,49.2511,8.4415,Philippsburg,Baden-Württemberg
3939,19400101,20191231,385,49.1912,7.5879,Pirmasens,Rheinland-Pfalz
3946,18810101,20191231,386,50.4819,12.13,Plauen,Sachsen
3955,19500101,19961231,24,54.159,10.402,Plön (See),Schleswig-Holstein
3974,19500101,19921231,368,49.5058,11.5142,Pommelsbrunn,Bayern
3975,19500101,20191231,522,49.4777,11.5357,Pommelsbrunn-Mittelburg,Bayern
3987,18930101,20191231,81,52.3813,13.0622,Potsdam,Brandenburg
4005,19310101,19571231,530,47.8588,12.3624,Prien-Stock,Bayern
4018,19400101,19821231,550,48.1877,11.2206,Puch,Bayern
4024,18540101,20181231,40,54.3643,13.4771,Putbus,Mecklenburg-Vorpommern
4029,19400101,19571231,25,52.6691,7.9544,Quakenbrück,Niedersachsen
4032,18870101,20191231,142,51.7953,11.132,Quedlinburg,Sachsen-Anhalt
4036,19960101,20191231,204,51.3895,11.5412,Querfurt-Mühle Lodersleben,Sachsen-Anhalt
4038,19470101,19751231,27,53.7276,9.9071,Quickborn (Kurzer Kamp),Schleswig-Holstein
4039,19750101,20191231,11,53.7331,9.8776,Quickborn,Schleswig-Holstein
4053,19530101,19961231,407,47.7458,9.0007,Radolfzell-Markelfingen,Baden-Württemberg
4063,19500101,20191231,41,52.4461,8.5906,Rahden-Kleinendorf,Nordrhein-Westfalen
4066,19870101,19981231,553,47.9091,11.1048,Raisting,Bayern
4077,19370101,19381231,114,48.8471,8.1869,Rastatt,Baden-Württemberg
4079,19390101,20041231,200,51.1765,11.4183,Rastenberg,Thüringen
4091,19630101,19971231,1640,47.7327,12.6827,Rauschberg bei Ruhpolding,Bayern
4094,19310101,20191231,440,47.8062,9.6206,"Weingarten, Kr. Ravensburg",Baden-Württemberg
4100,19540101,19731231,109,51.6243,7.182,Recklinghausen,Nordrhein-Westfalen
4104,18790101,20191231,365,49.0425,12.1019,Regensburg,Bayern
4125,18970101,20051231,470,47.7238,12.874,"Reichenhall, Bad",Bayern
4127,19920101,20191231,350,50.9906,7.6958,Reichshof-Eckenhagen,Nordrhein-Westfalen
4149,18810101,19621231,764,50.5602,13.2222,Marienberg-Reitzenhain,Sachsen
4152,19710101,19771231,760,47.6783,8.1527,Remetschwiel,Baden-Württemberg
4154,20120101,20171231,345,51.18,7.2505,Remscheid-Lennep,Nordrhein-Westfalen
4156,19740101,19971231,8,54.2878,9.6749,Rendsburg,Schleswig-Holstein
4157,19360101,20021231,315,50.5052,7.4881,Rengsdorf (Kurort),Rheinland-Pfalz
4160,20050101,20191231,478,48.7425,8.924,Renningen-Ihinger Hof,Baden-Württemberg
4166,19890101,20021231,360,48.5051,9.1833,Reutlingen-Betzingen,Baden-Württemberg
4169,19310101,20191231,131,48.6703,7.9939,Rheinau-Memprechtshofen,Baden-Württemberg
4174,20080101,20161231,40,52.2887,7.3866,Rheine-Bentlage,Nordrhein-Westfalen
4175,19540101,20191231,282,47.559,7.7721,Rheinfelden,Baden-Württemberg
4177,19470101,20191231,116,48.9726,8.3301,Rheinstetten,Baden-Württemberg
4189,20050101,20191231,533,48.1479,9.4596,"Altheim, Kreis Biberach",Baden-Württemberg
4222,19630101,20051231,464,50.5263,12.4091,Rodewisch,Sachsen
4233,19370101,19521231,397,50.3833,9.5167,Röhrigshof bei Schlüchtern,Hessen
4240,19340101,19911231,440,50.6407,6.2058,Roetgen,Nordrhein-Westfalen
4261,18810101,20191231,442,47.8753,12.128,Rosenheim,Bayern
4271,18810101,20191231,4,54.1803,12.0808,Rostock-Warnemünde,Mecklenburg-Vorpommern
4275,19310101,20191231,32,53.1288,9.3398,Rotenburg (Wümme),Niedersachsen
4278,19410101,20191231,340,49.2511,11.0934,Roth bei Nürnberg,Bayern
4280,20020101,20191231,386,49.2162,11.1035,Roth,Bayern
4287,19480101,20191231,415,49.3848,10.1732,Rothenburg ob der Tauber,Bayern
4288,19370101,19741231,95,52.1038,8.1808,"Rothenfelde, Bad",Niedersachsen
4293,19580101,20021231,747,47.6819,11.7714,Rottach-Egern,Bayern
4294,19800101,20011231,360,48.4704,8.9687,Rottenburg-Kiebingen,Baden-Württemberg
4300,19310101,20191231,588,48.1814,8.6356,Rottweil,Baden-Württemberg
4301,19310101,20191231,102,49.8502,7.871,"Kreuznach, Bad",Rheinland-Pfalz
4318,19730101,20061231,692,47.731,12.661,Ruhpolding,Bayern
4320,19890101,19911231,36,54.0934,10.2223,Ruhwinkel,Schleswig-Holstein
4323,19690101,20191231,461,49.6468,7.8837,Ruppertsecken,Rheinland-Pfalz
4327,19540101,19701231,797,48.8765,13.049,Rusel-Irlmoos,Bayern
4330,19520101,19791231,449,48.8026,8.9557,Rutesheim,Baden-Württemberg
4332,19480101,19591231,235,50.6563,11.3894,Saalfeld,Thüringen
4336,19500101,20191231,320,49.2128,7.1077,Saarbrücken-Ensheim,Saarland
4339,19430101,20001231,193,49.2231,7.0168,Saarbrücken-Sankt Johann,Saarland
4343,19790101,19961231,180,49.3256,6.7354,Saarlouis,Saarland
4347,19310101,19981231,292,51.5909,10.5691,"Sachsa, Bad",Niedersachsen
4349,19880101,20191231,248,48.9569,9.071,Sachsenheim,Baden-Württemberg
4350,19660101,20081231,339,47.5619,7.9399,"Säckingen, Bad",Baden-Württemberg
4354,19860101,20191231,457,48.7832,13.3146,Saldenburg-Entschenreuth,Bayern
4364,19470101,19981231,138,52.0355,10.3054,Salzgitter-Ringelheim,Niedersachsen
4367,19930101,20061231,175,52.0781,9.552,Salzhemmendorf-Lauenstein,Niedersachsen
4371,19310101,20191231,135,52.1042,8.7521,"Salzuflen, Bad",Nordrhein-Westfalen
4373,19420101,19711231,29,52.8568,11.1319,Salzwedel,Sachsen-Anhalt
4377,19650101,20191231,518,50.3518,10.0034,Sandberg,Bayern
4386,19310101,20061231,795,47.761,8.1247,Sankt Blasien,Baden-Württemberg
4390,19630101,20041231,896,48.0091,8.0966,Sankt Märgen,Baden-Württemberg
4391,19520101,19681231,3,53.9878,9.1125,Sankt Michaelisdonn,Schleswig-Holstein
4393,19380101,20191231,5,54.3279,8.6031,Sankt Peter-Ording,Schleswig-Holstein
4396,19500101,19601231,400,49.4672,7.2036,Sankt Wendel-Hof,Saarland
4397,19790101,20051231,400,49.5025,7.202,Sankt Wendel-Urweiler,Saarland
4401,19500101,19791231,81,51.6334,8.1872,"Sassendorf, Bad-Ostinghausen",Nordrhein-Westfalen
4411,19800101,20191231,155,49.9195,8.9671,Schaafheim-Schlierbach,Hessen
4419,19470101,20041231,212,47.9556,7.7134,Schallstadt-Mengen,Baden-Württemberg
4425,19510101,19651231,569,49.4864,7.029,Schaumberg-Tholey,Saarland
4429,19370101,19931231,778,47.588,9.85,Scheidegg,Bayern
4433,19870101,20041231,519,48.1994,9.77,Schemmerhofen-Ingerkingen,Baden-Württemberg
4436,19470101,19511231,314,50.8166,9.846,Schenklengsfeld,Hessen
4438,19930101,20061231,317,49.975,11.0395,Scheßlitz,Bayern
4442,19810101,20071231,155,51.9119,9.1533,Schieder,Nordrhein-Westfalen
4445,19320101,20191231,609,51.7658,10.6533,Wernigerode-Schierke,Sachsen-Anhalt
4464,19370101,20191231,501,50.5679,11.8041,Schleiz,Thüringen
4466,19470101,20191231,43,54.5275,9.5487,Schleswig,Schleswig-Holstein
4468,18810101,19721231,19,54.5227,9.5649,Schleswig-Stadtfeld,Schleswig-Holstein
4471,19370101,19841231,780,47.7358,11.8505,Schliersee (A),Bayern
4474,19310101,19731231,170,49.7961,7.7583,Schlossböckelheim,Rheinland-Pfalz
4477,19550101,20041231,993,47.8208,8.186,Schluchsee,Baden-Württemberg
4479,19370101,19841231,375,50.3849,9.5358,Schlüchtern-Kloster Gomfritz,Hessen
4480,19860101,20191231,230,50.3447,9.5534,Schlüchtern-Herolz,Hessen
4484,19590101,19701231,45,53.6615,10.2543,Schmalenbeck,Schleswig-Holstein
4485,20060101,20161231,296,50.725,10.4539,"Schmalkalden, Kurort",Thüringen
4489,18980101,19621231,198,51.8833,10.7667,Schmatzfeld,Sachsen-Anhalt
4490,19660101,20021231,223,49.4149,6.836,Schmelz-Hüttersdorf,Saarland
4501,18870101,20191231,937,50.6546,10.7693,Schmücke,Thüringen
4505,18810101,19861231,650,50.4988,12.4534,Schnarrtanne-Vogelsgrün,Sachsen
4508,18890101,20191231,649,50.2968,6.4194,Schneifelforsthaus,Rheinland-Pfalz
4517,19310101,20041231,635,48.7859,8.6451,"Schömberg, Kr. Calw",Baden-Württemberg
4548,20080101,20181231,608,50.2047,12.1435,Selb/Oberfranken-Lauterbach,Bayern
4549,19780101,20091231,1021,48.1002,8.1969,Schönwald/Schwarzwald,Baden-Württemberg
4556,19730101,19991231,904,48.1402,8.1991,Schonach,Baden-Württemberg
4557,18810101,20011231,400,47.6463,7.8439,Schopfheim-Eichen,Baden-Württemberg
4559,19970101,20191231,398,49.1644,12.6175,Schorndorf-Knöbling,Bayern
4560,19310101,20191231,265,50.4925,9.1226,Schotten,Hessen
4571,19700101,19961231,504,51.8369,10.4312,Schulenberg,Niedersachsen
4576,19780101,19801231,343,49.3261,11.012,Schwabach (A),Bayern
4581,19500101,20011231,415,48.7768,9.8025,Schwäbisch Gmünd-Strassdorf,Baden-Württemberg
4582,19400101,20001231,358,49.0823,9.6892,Schwäbisch Hall-Bibersfeld,Baden-Württemberg
4584,19710101,19781231,444,48.3667,11.8,Schwaigermoos,Bayern
4586,19910101,19971231,320,50.1394,8.0627,"Schwalbach, Bad",Hessen
4592,19490101,20191231,356,49.3278,12.0871,Schwandorf,Bayern
4593,19960101,19981231,117,51.9639,11.1208,Schwanebeck,Sachsen-Anhalt
4597,19310101,20101231,792,47.5769,10.7181,Schwangau-Horn,Bayern
4605,19500101,20191231,277,50.6441,11.1936,Schwarzburg,Thüringen
4606,19600101,19801231,116,51.5167,14.35,Schwarze Pumpe,Brandenburg
4612,19310101,19641231,418,50.5513,12.7678,Schwarzenberg,Sachsen
4621,19400101,20031231,240,50.0575,10.216,Schweinfurt-Gartenstadt,Bayern
4625,18880101,20191231,59,53.6425,11.3872,Schwerin,Mecklenburg-Vorpommern
4629,19750101,19981231,37,54.5166,9.142,Schwesing,Schleswig-Holstein
4642,19770101,20191231,21,52.8911,11.7297,Seehausen,Sachsen-Anhalt
4649,19370101,19551231,214,50.8698,7.3228,Seelscheid,Nordrhein-Westfalen
4651,19370101,20191231,186,51.904,10.1885,Seesen,Niedersachsen
4656,18810101,19721231,49,53.9278,10.2993,"Segeberg, Bad",Schleswig-Holstein
4664,19310101,19991231,611,50.1969,12.1727,Selb/Oberfranken-Wildenau,Bayern
4692,18950101,20171231,229,50.8534,7.9966,Siegen (Kläranlage),Nordrhein-Westfalen
4703,18880101,20191231,580,48.0719,9.1942,Sigmaringen-Laiz,Baden-Württemberg
4704,19890101,20191231,507,47.5776,9.7404,Sigmarszell-Zeisertsweiler,Bayern
4705,19470101,19521231,819,49.7595,12.3891,Silberhütte,Bayern
4706,19810101,20191231,358,48.2718,13.0273,Simbach/Inn,Bayern
4709,19800101,20191231,445,49.9996,7.5981,Simmern-Wahlbach,Rheinland-Pfalz
4719,20040101,20041231,169,49.2447,8.8787,Sinsheim,Baden-Württemberg
4729,19900101,20031231,342,50.2882,9.4583,Steinau-Seidenroth,Hessen
4741,19310101,20021231,152,51.14,7.093,Solingen-Hohenscheid,Nordrhein-Westfalen
4745,19310101,20191231,75,52.9604,9.793,Soltau,Niedersachsen
4748,18810101,20091231,221,51.352,10.9059,Sondershausen,Thüringen
4752,19390101,20071231,626,50.3746,11.1828,Sonneberg-Neufang,Thüringen
4763,19380101,20191231,265,51.0607,9.9266,Sontra,Hessen
4765,19400101,19801231,199,51.2801,9.9849,"Sooden-Allendorf, Bad",Hessen
4775,19490101,19651231,424,49.7858,11.8211,Speinshart,Bayern
4782,19660101,19911231,87,51.604,12.1093,Spören-Prussendorf,Sachsen-Anhalt
4818,19650101,20001231,597,50.1531,11.7402,Stammbach-Querenbach,Bayern
4837,19860101,19891231,363,47.9869,7.9466,Stegen,Baden-Württemberg
4841,19990101,20191231,1,53.6946,8.8735,"Steinau, Kr. Cuxhaven",Niedersachsen
4847,19560101,19751231,500,51.3629,9.6902,Steinberg,Niedersachsen
4857,19910101,20191231,1,53.5534,9.6097,Mittelnkirchen-Hohenfelde,Niedersachsen
4878,19300101,20191231,504,51.6646,10.8811,Oberharz am Brocken-Stiege,Sachsen-Anhalt
4881,19780101,19931231,532,47.8591,9.0152,Stockach,Baden-Württemberg
4887,19470101,20191231,734,48.6656,9.8648,Stötten,Baden-Württemberg
4896,19750101,20191231,40,54.6654,9.805,Wagersrott,Schleswig-Holstein
4911,18830101,20191231,351,48.8275,12.5597,Straubing,Bayern
4926,19460101,20121231,224,48.7896,9.2167,Stuttgart (Neckartal),Baden-Württemberg
4927,17920101,19831231,286,48.7693,9.1814,Stuttgart-Stadt,Baden-Württemberg
4928,19580101,20191231,314,48.8281,9.2,Stuttgart (Schnarrenberg),Baden-Württemberg
4931,19410101,20191231,371,48.6883,9.2235,Stuttgart-Echterdingen,Baden-Württemberg
4933,18810101,19761231,401,48.7091,9.2147,Stuttgart-Hohenheim,Baden-Württemberg
4939,19470101,19581231,235,51.7333,11.1167,"Suderode, Bad",Sachsen-Anhalt
4977,19930101,20011231,45,52.5447,11.9724,Tangermünde,Sachsen-Anhalt
4978,19860101,20191231,395,50.639,10.0228,Tann/Rhön,Hessen
4987,19870101,20031231,179,49.6122,9.6747,Tauberbischofsheim-Dittigheim,Baden-Württemberg
4996,18940101,19981231,837,47.7099,11.7639,Tegernsee,Bayern
4997,19950101,20191231,196,50.9771,12.3419,Starkenberg-Tegkwitz,Thüringen
5009,19470101,20181231,38,53.761,12.5574,Teterow,Mecklenburg-Vorpommern
5014,19520101,20191231,7,53.2758,8.9857,Worpswede-Hüttenbusch,Niedersachsen
5017,19480101,20191231,633,50.4002,11.3889,Teuschnitz,Bayern
5024,19470101,19501231,67,52.2084,12.0328,Möckern-Räckendorf,Sachsen-Anhalt
5029,19480101,20191231,386,49.4738,7.0386,Tholey,Saarland
5032,19870101,20031231,197,49.885,9.8469,Thüngersheim,Bayern
5039,19910101,19981231,236,50.843,10.1613,Tiefenort,Thüringen
5046,19670101,20191231,501,49.8576,12.3542,Tirschenreuth-Lodermühl,Bayern
5047,19450101,19951231,870,47.9394,8.1933,Titisee-Neustadt-Langenordnach,Baden-Württemberg
5049,19570101,20041231,846,47.8991,8.146,Titisee-Neustadt-Titisee,Baden-Württemberg
5059,19830101,20021231,781,47.728,7.9988,Todtmoos,Baden-Württemberg
5063,19310101,20061231,724,47.7566,11.5819,"Tölz, Bad",Bayern
5064,20050101,20191231,37,51.2897,6.4437,Tönisvorst,Nordrhein-Westfalen
5067,19310101,19651231,491,51.7643,9.5628,Torfhaus im Solling,Niedersachsen
5068,18510101,19901231,80,51.5833,13,Torgau,Sachsen
5074,18810101,19601231,626,47.8663,12.6566,Traunstein-Sparz,Bayern
5075,19720101,20031231,635,47.8516,12.6182,Traunstein-Axdorf,Bayern
5078,19400101,19991231,2,53.9619,10.8892,Travemünde,Schleswig-Holstein
5088,19910101,20001231,3,54.5337,13.246,Trent,Mecklenburg-Vorpommern
5094,19310101,20011231,683,48.1316,8.2283,Triberg,Baden-Württemberg
5095,19760101,19871231,700,48.1288,8.233,Triberg (Kurpark),Baden-Württemberg
5097,19490101,20181231,10,54.0661,12.7675,Tribsees,Mecklenburg-Vorpommern
5099,17880101,20191231,132,49.7326,6.6131,Trier-Zewen,Rheinland-Pfalz
5100,19310101,20191231,265,49.7479,6.6582,Trier-Petrisberg,Rheinland-Pfalz
5105,19310101,19721231,700,48.3132,9.2472,Trochtelfingen,Baden-Württemberg
5107,19890101,20031231,769,48.2814,9.3137,Trochtelfingen-Wilsingen,Baden-Württemberg
5109,20010101,20191231,69,53.5997,13.3039,Trollenhagen,Mecklenburg-Vorpommern
5111,19310101,20191231,560,48.0311,12.5396,Trostberg,Bayern
5120,19500101,19811231,370,48.5198,9.0515,Tübingen,Baden-Württemberg
5127,19920101,20031231,649,48.0083,8.8179,Tuttlingen,Baden-Württemberg
5128,19820101,19901231,668,47.9682,8.79,Tuttlingen-Möhringen-Vorstadt,Baden-Württemberg
5133,19990101,20191231,295,51.3344,8.9132,Twistetal-Mühlhausen,Hessen
5138,19460101,20031231,446,47.7713,9.1562,Überlingen/Bodensee,Baden-Württemberg
5142,19370101,20191231,1,53.7444,14.0697,Ueckermünde,Mecklenburg-Vorpommern
5146,18880101,20191231,50,52.9414,10.5289,Uelzen,Niedersachsen
5149,19370101,20191231,306,49.5741,10.1915,Gollhofen,Bayern
5155,18810101,20131231,567,48.3837,9.9524,Ulm,Baden-Württemberg
5158,19880101,20191231,162,52.1601,11.1759,Ummendorf,Sachsen-Anhalt
5165,19350101,20061231,95,52.8499,10.2898,Unterlüß,Niedersachsen
5174,19750101,20051231,471,48.4951,9.4003,"Urach, Bad",Baden-Württemberg
5185,19720101,20061231,291,49.5933,11.0704,Uttenreuth,Bayern
5229,18810101,20191231,719,48.0453,8.4608,Villingen-Schwenningen,Baden-Württemberg
5236,19500101,19791231,51,52.8318,8.3112,Visbek,Niedersachsen
5244,19590101,19811231,220,49.2581,6.8612,Völklingen-Stadt,Saarland
5245,19780101,19981231,187,49.2495,6.8804,Völklingen (Kraftwerk-Fenne),Saarland
5250,19310101,20031231,223,48.0908,7.6353,Vogtsburg-Oberrotweil,Baden-Württemberg
5252,19470101,19571231,100,52.103,9.5845,Voldagsen,Niedersachsen
5267,19640101,19751231,86,52.0722,11.0222,Wackersleben,Sachsen-Anhalt
5275,19860101,20191231,105,49.2445,8.5374,Waghäusel-Kirrlach,Baden-Württemberg
5277,20070101,20081231,349,50.8119,9.128,Wahlen,Hessen
5279,19490101,20191231,176,51.6194,9.5749,Wesertal-Lippoldsberg,Hessen
5280,19820101,20191231,35,53.9224,10.2267,Wittenborn,Schleswig-Holstein
5282,19170101,19731231,246,51.1197,13.6744,Wahnsdorf bei Dresden,Sachsen
5284,19780101,19911231,224,48.8279,9.3228,Waiblingen,Baden-Württemberg
5289,19830101,20071231,595,48.4918,8.5612,Waldachtal-Lützenhardt,Baden-Württemberg
5291,19480101,19611231,1005,47.976,8.1558,Waldau-Jostal,Baden-Württemberg
5296,19360101,19881231,376,51.207,9.0658,Waldeck,Hessen
5300,19510101,20191231,380,50.2596,8.3607,Waldems-Reinborn,Hessen
5306,19720101,20031231,940,48.9293,13.4641,Waldhäuser (National Park),Bayern
5317,19490101,19571231,509,50.0097,12.2979,Waldsassen,Bayern
5320,19380101,19901231,330,47.6172,8.2388,Waldshut,Baden-Württemberg
5335,18820101,20191231,348,50.8963,10.5484,Waltershausen,Thüringen
5344,19420101,20061231,2,53.7865,7.9096,Wangerooge,Niedersachsen
5347,20070101,20191231,236,51.504,9.1118,Warburg,Nordrhein-Westfalen
5349,18900101,20191231,73,53.5196,12.6654,Waren (Müritz),Mecklenburg-Vorpommern
5361,19310101,20051231,270,50.6271,9.442,Wartenberg-Angersbach,Hessen
5369,19480101,19931231,443,48.0572,12.2202,Wasserburg,Bayern
5371,19310101,20191231,921,50.4973,9.9427,Wasserkuppe,Hessen
5377,19480101,19521231,1923,47.5714,12.9337,Watzmannhaus,Bayern
5397,18810101,20191231,440,49.6663,12.1845,Weiden,Bayern
5398,19310101,19701231,425,49.1965,10.6487,"Weidenbach, Kr.Ansbach",Bayern
5403,19920101,20041231,309,49.59,10.2588,Weigenheim-Reusch,Bayern
5404,18850101,20191231,477,48.4024,11.6946,Weihenstephan-Dürnast,Bayern
5410,18870101,19921231,150,50.4732,8.2588,Weilburg (Kläranlage),Hessen
5419,18820101,20051231,264,50.9751,11.3076,Weimar,Thüringen
5424,19500101,20191231,328,51.0177,11.3544,Weimar-Schöndorf,Thüringen
5426,19530101,20191231,553,49.3758,8.1213,Weinbiet,Rheinland-Pfalz
5429,19310101,19831231,219,49.1512,9.292,Weinsberg,Baden-Württemberg
5431,19470101,19751231,24,53.0333,11.8,Weisen bei Wittenberge,Sachsen-Anhalt
5433,19570101,20191231,380,49.5534,6.812,Weiskirchen/Saar,Saarland
5434,19410101,19911231,317,50.0858,11.2364,Weismain,Bayern
5435,19810101,20031231,455,48.8457,8.9073,Weissach,Baden-Württemberg
5440,18790101,20191231,439,49.0115,10.9308,Weißenburg-Emetzheim,Bayern
5442,18950101,20051231,109,51.2002,11.9154,Weißenfels,Sachsen-Anhalt
5445,19840101,20071231,165,51.212,10.9956,Weißensee-Ottenhausen,Thüringen
5453,19930101,20031231,173,48.188,7.6977,Weisweil-Waldeckhof,Baden-Württemberg
5460,19790101,19831231,655,48.1477,8.6954,Wellendingen,Baden-Württemberg
5463,19950101,19971231,58,52.0654,14.6898,Wellmitz,Brandenburg
5467,18840101,20111231,1832,47.7035,12.0119,Wendelstein,Bayern
5480,20070101,20191231,85,51.5763,7.8879,Werl,Nordrhein-Westfalen
5488,19490101,19851231,216,49.9622,10.0482,"Mühlhausen, Kr. Schweinfurt",Bayern
5490,19470101,20191231,233,51.8454,10.7686,Wernigerode,Sachsen-Anhalt
5498,18810101,20031231,140,49.7667,9.5428,Wertheim-Eichel,Baden-Württemberg
5514,18720101,19611231,3,54.8991,8.3123,Westerland,Schleswig-Holstein
5516,19310101,20191231,3,54.5283,11.0606,Fehmarn,Schleswig-Holstein
5533,19910101,20031231,351,51.617,10.5843,Wieda,Niedersachsen
5538,20000101,20191231,550,47.8827,11.1576,Wielenbach (Demollstr.),Bayern
5540,18810101,20111231,147,50.0681,8.2603,Wiesbaden (Süd),Hessen
5541,19880101,20191231,263,50.132,8.317,Wiesbaden-Auringen,Hessen
5543,19460101,19851231,235,50.0863,8.1872,Wiesbaden-Dotzheim,Hessen
5546,19870101,20191231,187,52.1207,12.4585,Wiesenburg,Brandenburg
5559,18960101,20001231,383,48.7848,8.5764,"Wildbad, Bad-Calmbach",Baden-Württemberg
5560,18960101,20021231,740,48.7501,8.5365,"Wildbad, Bad-Sommerberg",Baden-Württemberg
5562,19970101,20191231,570,48.6516,8.6801,Neubulach-Oberhaugstett,Baden-Württemberg
5568,19330101,20001231,310,51.1056,9.1081,"Wildungen, Bad",Hessen
5575,18810101,19971231,1,53.5901,8.106,Wilhelmshaven,Niedersachsen
5582,19400101,20051231,580,51.294,8.6026,Willingen/Upland,Hessen
5583,19840101,20051231,594,51.2818,8.6673,Willingen/Upland-Usseln,Hessen
5609,19950101,20011231,240,48.8031,9.4699,"Winterbach, Rems-Murr-Kreis",Baden-Württemberg
5610,19580101,20081231,681,51.1968,8.5268,Winterberg,Nordrhein-Westfalen
5624,19470101,19541231,13,53.9026,11.4254,Wismar,Mecklenburg-Vorpommern
5629,19370101,20191231,105,51.8892,12.6445,Wittenberg,Sachsen-Anhalt
5640,20020101,20191231,8,53.5504,7.6672,Wittmundhafen,Niedersachsen
5643,19370101,20191231,66,53.1864,12.4949,Wittstock-Rote Mühle,Brandenburg
5644,19310101,19981231,133,51.3493,9.8438,Witzenhausen,Hessen
5654,19490101,20071231,464,49.2178,10.2296,Wörnitz-Bottenweiler,Bayern
5663,19790101,19901231,118,53.4618,13.6099,Woldegk,Mecklenburg-Vorpommern
5664,19580101,20191231,291,48.2953,8.2391,Wolfach,Baden-Württemberg
5665,19800101,20041231,677,47.818,9.797,Wolfegg,Baden-Württemberg
5675,19610101,19801231,56,52.4411,10.7587,Wolfsburg,Niedersachsen
5676,19820101,20181231,82,52.3962,10.6892,Wolfsburg (Südwest),Niedersachsen
5681,19820101,20191231,200,49.5811,7.6234,Wolfstein/Pfalz,Rheinland-Pfalz
5688,20190101,20191231,880,47.7003,8.1057,Dachsberg-Wolpadingen,Baden-Württemberg
5692,18960101,20191231,88,49.6051,8.3659,Worms,Rheinland-Pfalz
5703,19490101,19851231,170,49.7964,9.8949,Würzburg (Klärwerk),Bayern
5705,18810101,20191231,268,49.7704,9.9576,Würzburg,Bayern
5707,18810101,19521231,175,49.7995,9.928,Würzburg (Physikalisches-Institut),Bayern
5715,20020101,20191231,57,52.4605,9.4311,Wunstorf,Niedersachsen
5717,19310101,20191231,134,51.2256,7.1052,Wuppertal-Buchenhofen,Nordrhein-Westfalen
5719,20050101,20081231,235,51.2051,7.2,Remscheid,Nordrhein-Westfalen
5728,19530101,19811231,35,52.8039,12.8714,Wustrau-Ziethenhorst,Brandenburg
5731,19550101,20191231,398,47.6783,8.3801,Wutöschingen-Ofteringen,Baden-Württemberg
5732,18880101,20021231,8,54.6928,8.5271,Wrixum/Föhr,Schleswig-Holstein
5745,19330101,20191231,51,52.9664,13.3268,Zehdenick,Brandenburg
5750,19530101,20191231,264,51.0314,12.1495,Zeitz,Sachsen-Anhalt
5761,19040101,19801231,69,51.9642,12.0996,Zerbst,Sachsen-Anhalt
5778,19910101,20031231,2,54.0801,13.8989,Zinnowitz,Mecklenburg-Vorpommern
5779,19710101,20181231,877,50.7314,13.7516,Zinnwald-Georgenfeld,Sachsen
5792,19010101,20191231,2964,47.4209,10.9847,Zugspitze,Bayern
5797,18640101,20191231,353,50.6878,12.4329,Lichtentanne,Sachsen
5800,20070101,20191231,615,49.028,13.2385,Zwiesel,Bayern
5802,19470101,20021231,615,49.0007,13.2137,Zwieselberg,Bayern
5821,19590101,19761231,36,52.8482,8.719,Bassum (A),Niedersachsen
5822,19760101,20181231,40,52.863,8.6988,Bassum,Niedersachsen
5825,19540101,20181231,40,52.6198,12.7867,Berge,Brandenburg
5832,19460101,19531231,50,53.1007,11.0455,Dannenberg,Niedersachsen
5839,19980101,20191231,0,53.3881,7.2287,Emden,Niedersachsen
5840,19750101,20041231,600,48.6669,8.4699,Enzklösterle,Baden-Württemberg
5856,19980101,20191231,476,48.5451,13.3532,Fürstenzell,Bayern
5871,19990101,20191231,497,49.9462,7.2645,Hahn,Rheinland-Pfalz
5885,18810101,19761231,289,48.6582,9.4203,Kirchheim/Teck-Ötlingen,Baden-Württemberg
5890,19440101,19901231,850,47.6777,11.0473,"Kohlgrub, Bad (A)",Bayern
5898,19390101,19831231,287,48.8943,9.2058,Ludwigsburg,Baden-Württemberg
5904,19790101,20041231,431,48.6493,11.7772,Mainburg,Bayern
5906,18810101,20191231,98,49.5062,8.5585,Mannheim,Baden-Württemberg
5912,19370101,20031231,169,51.0989,9.538,Malsfeld,Hessen
5920,18880101,19961231,91,50.4485,7.4275,Neuwied,Rheinland-Pfalz
5930,20070101,20191231,1,54.641,10.0238,Schönhagen (Ostseebad),Schleswig-Holstein
5941,19380101,20191231,686,47.6754,12.4698,Reit im Winkl,Bayern
5971,19510101,19621231,510,48.8787,9.6342,Welzheim (A),Baden-Württemberg
6086,19980101,19991231,71,52.7786,13.759,Melchow-Schönholz,Brandenburg
6093,19990101,20191231,62,53.2139,10.4704,Wendisch Evern,Niedersachsen
6105,19990101,20191231,14,54.3194,9.8051,Ostenfeld (Rendsburg),Schleswig-Holstein
6109,19990101,20191231,50,53.3837,14.3728,Grambow-Schwennenz,Mecklenburg-Vorpommern
6110,19990101,20031231,11,53.8545,13.4949,Medow-Wussentin,Mecklenburg-Vorpommern
6112,19990101,19991231,2,54.267,13.143,Stralsund-Devin,Mecklenburg-Vorpommern
6129,20000101,20191231,290,51.0593,14.4266,Sohland/Spree,Sachsen
6157,20000101,20191231,8,53.641,8.0808,Wangerland-Hooksiel,Niedersachsen
6158,20000101,20191231,455,49.2247,10.6084,Weidenbach-Weiherschneidbach,Bayern
6159,19600101,20191231,8,52.9542,7.3196,Dörpen,Niedersachsen
6163,20040101,20191231,27,54.1654,10.3519,Dörnick,Schleswig-Holstein
6170,20010101,20191231,40,52.0192,14.7254,Coschen,Brandenburg
6182,20010101,20111231,404,48.7757,12.1743,Mallersdorf-Pfaffenberg,Bayern
6186,20010101,20181231,268,50.1989,7.8651,Nastätten,Rheinland-Pfalz
6197,20040101,20191231,258,51.8664,9.2709,Lügde-Paenbruch,Nordrhein-Westfalen
6199,20010101,20191231,16,54.2484,13.0418,Steinhagen-Negast,Mecklenburg-Vorpommern
6217,20020101,20191231,190,49.2406,6.9351,Saarbrücken-Burbach,Saarland
6258,20030101,20191231,459,47.6845,9.4409,Friedrichshafen-Unterraderach,Baden-Württemberg
6259,20050101,20191231,524,49.021,9.6033,Großerlach-Mannenweiler,Baden-Württemberg
6260,20030101,20191231,385,49.3328,9.704,Ingelfingen-Stachenhausen,Baden-Württemberg
6262,20030101,20191231,413,48.7695,9.8737,Schwäbisch Gmünd-Weiler,Baden-Württemberg
6263,20050101,20191231,445,47.7738,8.8219,Singen,Baden-Württemberg
6264,20050101,20191231,457,51.414,8.65,Brilon-Thülen,Nordrhein-Westfalen
6265,20050101,20191231,36,52.3613,12.3867,Wusterwitz,Brandenburg
6266,20050101,20191231,112,52.0304,10.9626,Huy-Pabstorf,Sachsen-Anhalt
6272,20050101,20191231,283,50.8426,10.2518,Moorgrund Gräfen-Nitzendorf,Thüringen
6273,20050101,20191231,36,52.5075,11.8551,Demker,Sachsen-Anhalt
6275,20050101,20191231,325,48.6705,9.4627,Notzingen,Baden-Württemberg
6304,20030101,20061231,550,49.3533,11.5053,Pilsach-Litzlohe,Bayern
6305,20050101,20191231,193,51.2061,10.4978,Mühlhausen/Thüringen-Görmar,Thüringen
6310,20050101,20191231,1,54.1049,13.8239,Karlshagen,Mecklenburg-Vorpommern
6312,20050101,20191231,362,49.5314,10.6418,Markt Erlbach-Mosbach,Bayern
6314,19500101,20191231,308,51.0507,13.3003,Nossen,Sachsen
6336,20060101,20191231,288,50.0132,9.654,Lohr/Main-Halsbach,Bayern
6337,20050101,20191231,59,51.7663,7.5194,Lüdinghausen-Brochtrup,Nordrhein-Westfalen
6344,20050101,20191231,168,50.394,8.1423,Runkel-Ennerich,Hessen
6346,20060101,20191231,531,48.207,11.2035,Maisach-Galgen,Bayern
6347,20060101,20191231,304,50.0579,10.2972,Schonungen-Mainberg,Bayern
7075,20060101,20191231,429,48.702,11.8493,Elsendorf-Horneck,Bayern
7099,20050101,20191231,187,52.0111,10.3966,Liebenburg-Othfresen,Niedersachsen
7105,20060101,20191231,719,47.835,12.6548,Siegsdorf-Höll,Bayern
7106,20070101,20191231,105,52.0714,8.4565,Bielefeld-Deppendorf,Nordrhein-Westfalen
7135,19510101,20041231,565,47.9655,9.6804,Aulendorf-Haslach,Baden-Württemberg
7187,20050101,20191231,193,49.7636,9.4063,Freudenberg/Main-Boxtal,Baden-Württemberg
7244,19670101,20021231,62,53.1424,13.0319,Neuglobsow (HM),Brandenburg
7298,20060101,20191231,5,54.5268,9.0425,Hattstedt,Schleswig-Holstein
7319,20060101,20191231,435,48.7374,10.7393,Donauwörth-Osterweiler,Bayern
7321,20060101,20191231,160,51.1507,11.3321,Olbersleben,Thüringen
7325,20120101,20151231,2650,47.4167,10.9794,Schneefernerhaus,Bayern
7329,20060101,20191231,465,50.5467,12.2863,Treuen,Sachsen
7330,20060101,20191231,159,51.4633,7.978,Arnsberg-Neheim,Nordrhein-Westfalen
7331,20060101,20191231,468,48.6099,10.2674,Hermaringen-Allewind,Baden-Württemberg
7341,20060101,20191231,119,50.09,8.7862,Offenbach-Wetterpark,Hessen
7343,20070101,20191231,688,50.6199,13.4816,Deutschneudorf-Brüderwiese,Sachsen
7350,20070101,20191231,585,49.1088,12.8231,Prackenbach-Neuhäusl,Bayern
7351,20070101,20191231,116,53.3175,13.4175,Feldberg/Mecklenburg,Mecklenburg-Vorpommern
7364,20070101,20191231,74,51.682,12.3042,Jeßnitz,Sachsen-Anhalt
7367,20080101,20191231,144,51.9643,9.8072,Alfeld,Niedersachsen
7368,20080101,20191231,312,51.0007,10.3621,Eisenach,Thüringen
7369,20080101,20191231,475,49.1623,10.3661,Feuchtwangen-Heilbronn,Bayern
7370,20070101,20191231,499,49.391,12.6838,Waldmünchen,Bayern
7373,20070101,20191231,3,53.5984,6.7024,Borkum-Flugplatz,Niedersachsen
7374,20070101,20191231,46,52.0814,6.941,Ahaus,Nordrhein-Westfalen
7389,20070101,20191231,82,52.7461,13.8427,Heckelberg,Brandenburg
7393,20100101,20191231,116,51.4493,14.2533,Hoyerswerda,Sachsen
7394,20070101,20191231,622,50.0315,11.9745,Wunsiedel-Schönbrunn,Bayern
7395,20090101,20191231,351,48.6595,12.5388,Gottfrieding,Bayern
7396,20090101,20191231,743,50.5084,9.2247,Hoherodskopf/Vogelsberg,Hessen
7403,20080101,20191231,672,47.7955,10.0324,Leutkirch-Herlazhofen,Baden-Württemberg
7410,20120101,20191231,350,50.7513,9.0224,Neu-Ulrichstein,Hessen
7412,20070101,20191231,340,50.0083,9.4238,Neuhütten/Spessart,Bayern
7419,20070101,20191231,389,50.661,12.0756,Langenwetzendorf-Göttendorf,Thüringen
7420,20080101,20191231,246,51.1044,11.7112,Naumburg/Saale-Kreipitzsch,Sachsen-Anhalt
7424,20070101,20191231,457,47.7724,12.9073,Piding,Bayern
7427,20080101,20191231,17,54.0188,9.9255,Padenstedt (Pony-Park),Schleswig-Holstein
7428,20080101,20191231,397,50.4167,10.8156,Veilsdorf,Thüringen
7431,20080101,20191231,604,48.013,11.5524,Oberhaching-Laufzorn,Bayern
7432,20080101,20191231,72,52.6423,10.6627,Wittingen-Vorhop,Niedersachsen
13670,20080101,20191231,24,51.5088,6.7018,Duisburg-Baerl,Nordrhein-Westfalen
13674,20080101,20191231,237,49.2943,8.9053,Waibstadt,Baden-Württemberg
13675,20080101,20181231,77,52.0818,9.4077,Hameln-Hastenbeck,Niedersachsen
13696,20080101,20191231,60,51.5966,7.4049,Waltrop-Abdinghof,Nordrhein-Westfalen
13700,20090101,20191231,205,51.3329,7.3411,Gevelsberg-Oberbröking,Nordrhein-Westfalen
13710,20090101,20191231,490,48.5734,12.2576,Landshut-Reithof,Bayern
13711,20080101,20191231,289,50.682,11.515,Krölpa-Rockendorf,Thüringen
13713,20080101,20191231,386,51.0899,7.6289,Meinerzhagen-Redlendorf,Nordrhein-Westfalen
13776,20090101,20101231,85,52.1789,9.9524,Hildesheim-Drispenstedt,Niedersachsen
13777,20090101,20191231,110,52.2467,10.9592,Helmstedt-Emmerstedt,Niedersachsen
13965,20090101,20171231,619,48.2639,8.8134,Balingen-Bronnhaupten,Baden-Württemberg
14138,20100101,20141231,73,52.1655,14.1224,Falkenberg (Grenzschichtmessfeld),Brandenburg
14311,19580101,20051231,530,50.15,6.5528,Hersdorf-Weißenseifen,Rheinland-Pfalz
15000,20120101,20191231,231,50.7983,6.0244,Aachen-Orsbach,Nordrhein-Westfalen
15207,20140101,20191231,317,51.2835,9.359,Schauenburg-Elgershausen,Hessen
15444,20150101,20191231,593,48.4418,9.9216,Ulm-Mähringen,Baden-Württemberg
15526,18810101,19351231,29,53.5467,9.9716,Hamburg (Deutsche Seewarte),Hamburg
15555,20170101,20191231,816,47.8761,10.5848,Kaufbeuren-Oberbeuren,Bayern
15926,19510101,19541231,370,49.341,12.133,Fronberg (Schwandorf),Bayern
15951,19770101,20031231,280,49.2121,7.5882,Pirmasens (Kläranlage),Rheinland-Pfalz
15963,19530101,20031231,40,51.3258,6.5089,St. Tönis,Nordrhein-Westfalen
15965,19700101,19831231,350,50.3102,9.7838,"Brückenau, Bad (Elisabethenhof)",Bayern
15979,19480101,19781231,426,49.9311,7.5153,Sargenroth,Rheinland-Pfalz
16085,19610101,19611231,8,53.5874,8.6011,Leherheide,Bremen
19087,19580101,19941231,645,48.8049,13.5528,Freyung vorm Wald,Bayern
